CASE_ID,PARTY_NUMBER,PARTY_TYPE,AT_FAULT,PARTY_SEX,PARTY_AGE,PARTY_SOBRIETY,PARTY_DRUG_PHYSICAL,DIR_OF_TRAVEL,PARTY_SAFETY_EQUIP_1,PARTY_SAFETY_EQUIP_2,FINAN_RESPONS,SP_INFO_1,SP_INFO_2,SP_INFO_3,OAF_VIOLATION_CODE,OAF_VIOL_CAT,OAF_VIOL_SECTION,OAF_VIOLATION_SUFFIX,OAF_1,OAF_2,PARTY_NUMBER_KILLED,PARTY_NUMBER_INJURED,MOVE_PRE_ACC,VEHICLE_YEAR,VEHICLE_MAKE,STWD_VEHICLE_TYPE,CHP_VEH_TYPE_TOWING,CHP_VEH_TYPE_TOWED,RACE,INATTENTION,SPECIAL_INFO_F,SPECIAL_INFO_G,ACCIDENT_YEAR
6292202,1,2,Y,M,74,B,-,N,-,-,O,-,3,-,-,"- ",,,N,-,1,0,R,,-,N,60,,W,,-,-,2015
6292202,2,1,N,M,49,A,-,W,M,G,Y,-,3,-,,34,21954,B,A,-,0,0,B,2003,NISSAN,D,22,,O,,-,-,2015
6314737,1,4,Y,M,32,A,-,E,-,-,O,-,1,-,-,"- ",,,F,-,0,1,B,,-,L,04,,H,A,-,-,2014
6314737,2,1,N,M,998,A,-,N,M,G,Y,-,3,-,-,"- ",,,N,-,0,0,B,1995,FORD,D,22,,H,,-,-,2014
6369629,1,2,Y,M,12,-,-,E,P,-,O,-,3,-,-,"- ",,,E,-,0,1,A,,-,N,60,,W,,-,-,2014
6369629,2,1,N,F,40,D,-,N,M,G,Y,-,3,-,-,"- ",,,E,-,0,0,-,2002,HONDA,A,08,,A,,-,-,2014
6370074,1,1,Y,F,22,A,-,E,M,G,Y,-,3,-,-,"- ",,,N,-,0,0,E,2003,TOYOTA,A,01,,H,,-,-,2014
6370074,2,2,N,M,58,A,-,N,-,-,O,-,3,-,-,"- ",,,N,-,0,1,B,,-,N,60,,B,,-,-,2014
6370078,1,4,Y,M,45,C,-,S,-,-,O,-,3,-,-,"- ",,,N,-,0,1,H,,-,L,04,,B,,-,-,2014
6370078,2,1,N,F,25,A,-,S,M,G,Y,-,3,-,-,"- ",,,N,-,0,0,D,2003,MITSUBISHI,A,01,,B,,-,-,2014
6370268,1,2,Y,F,49,A,-,S,-,-,O,-,3,-,-,"- ",,,N,-,0,1,R,,-,N,60,,H,,-,-,2014
6370268,2,1,N,F,79,A,-,W,M,G,Y,-,3,-,-,"- ",,,N,-,0,0,K,2000,TOYOTA,A,07,,H,,-,-,2014
6381687,1,1,Y,M,27,B,-,W,M,G,N,-,3,-,,31,22107,,A,-,0,0,B,1995,FORD,A,01,,H,,-,-,2014
6381687,2,2,N,M,46,A,-,W,-,-,O,-,3,-,-,"- ",,,N,-,0,1,-,,-,N,60,,W,,-,-,2014
6381687,3,3,N,-,998,H,H,W,-,-,O,-,-,-,-,"- ",,,N,-,0,0,O,2006,DODGE,A,01,,,,-,-,2014
6381687,4,3,N,-,998,H,H,W,-,-,O,-,-,-,-,"- ",,,N,-,0,0,O,1999,TOYOTA,A,01,,,,-,-,2014
6403735,1,4,Y,M,55,-,,E,-,-,O,-,-,-,-,"- ",,,-,-,0,1,-,,-,L,04,,W,,-,-,2014
6403735,2,1,N,F,69,-,,S,M,G,Y,-,-,-,-,"- ",,,-,-,0,0,-,1992,NISSAN,-,,,W,,-,-,2014
6414013,1,1,Y,M,58,A,-,E,M,G,Y,-,3,-,-,"- ",,,E,-,0,0,B,1995,SAAB,A,01,,B,,-,-,2014
6414013,2,2,N,M,19,H,H,N,-,-,O,-,3,-,-,"- ",,,N,-,0,1,R,,-,N,60,,B,,-,-,2014
6414013,3,2,N,F,10,H,H,N,-,-,O,-,3,-,-,"- ",,,N,-,0,1,R,,"BATAVUS (MOPED)",N,60,,B,,-,-,2014
6414013,4,2,N,F,27,H,H,N,-,-,O,-,3,-,-,"- ",,,N,-,0,1,R,,-,N,60,,B,,-,-,2014
6414016,1,1,Y,F,998,G,G,S,-,-,,-,-,-,-,"- ",,,F,-,0,0,C,1996,JEEP,-,,,H,-,-,-,2014
6414016,2,2,N,M,33,H,H,E,-,-,O,-,-,-,-,"- ",,,-,-,0,1,-,,-,N,60,,H,,-,-,2014
6414017,1,4,Y,M,74,A,-,N,-,-,O,-,3,-,-,"- ",,,N,-,0,1,B,,-,L,04,,W,,-,-,2014
6414017,2,1,N,M,26,A,-,W,M,G,Y,-,3,-,-,"- ",,,E,-,0,0,B,2008,TOYOTA,A,01,,B,,-,-,2014
6431104,1,1,Y,M,44,A,-,W,M,E,Y,-,3,-,-,"- ",,,F,-,0,0,B,1995,NISSAN,-,,,H,-,-,-,2014
6431104,2,2,N,F,19,A,-,N,-,-,O,-,3,-,-,"- ",,,N,-,0,1,-,,-,N,60,,B,,-,-,2014
6435399,1,1,Y,-,998,G,G,W,-,-,,-,3,-,-,"- ",,,N,-,0,0,D,,WHITE,A,01,,,,-,-,2014
6435399,2,2,N,F,62,A,-,S,-,-,O,-,3,-,-,"- ",,,N,-,0,1,B,,-,N,60,,H,,-,-,2014
6450118,1,1,Y,F,51,A,-,S,M,G,Y,-,3,-,-,"- ",,,N,-,0,0,E,2006,HONDA,A,07,,O,,-,-,2014
6450118,2,4,N,F,24,A,-,E,-,-,O,-,3,-,,21,21208,A,A,-,0,1,B,,-,L,04,,B,,-,-,2014
6483028,1,1,Y,M,70,A,-,W,M,G,Y,-,3,-,-,"- ",,,E,-,0,0,B,2008,MERCURY,A,01,,B,,-,-,2014
6483028,2,2,N,M,62,D,-,N,-,-,O,-,3,-,-,"- ",,,N,-,0,1,B,,-,N,60,,B,,-,-,2014
6501438,1,4,Y,F,12,A,-,W,-,-,O,-,3,-,,31,22107,,A,-,0,1,M,,-,L,04,,B,,-,-,2014
6501438,2,1,N,M,62,A,-,W,M,G,Y,-,3,-,-,"- ",,,N,-,0,0,B,2001,TOYOTA,A,07,,W,,-,-,2014
6515976,1,1,Y,M,998,G,G,E,-,-,,-,-,-,,19,20002,,A,-,0,0,D,2001,MAZDA,A,,,H,,-,-,2014
6515976,2,4,N,M,31,A,-,S,-,-,O,-,-,-,-,"- ",,,-,-,0,1,B,,-,L,,,B,,-,-,2014
6548244,1,4,Y,F,21,A,-,N,-,-,O,-,3,-,-,"- ",,,M,-,0,1,B,,-,L,04,,H,,-,-,2014
6548244,2,1,N,M,53,A,-,E,M,G,Y,-,3,-,-,"- ",,,N,-,0,0,D,1996,TOYOTA,D,22,,A,,-,-,2014
6562855,1,4,Y,M,35,G,G,N,-,-,O,-,-,-,,39,21201,D,A,-,0,1,Q,,-,L,04,,B,,-,-,2014
6562855,2,1,N,M,71,A,-,S,M,G,Y,-,-,-,-,"- ",,,-,-,0,0,B,1996,CHEVROLET,-,,,B,,-,-,2014
6567155,1,1,Y,M,87,A,-,N,M,G,Y,-,3,-,-,"- ",,,N,-,0,0,D,2001,TOYOTA,A,01,,B,,-,-,2014
6567155,2,2,N,M,46,A,-,W,-,-,O,-,3,-,-,"- ",,,N,-,0,1,R,,-,N,60,,A,,-,-,2014
6567155,3,2,N,F,34,A,-,W,-,-,O,-,3,-,-,"- ",,,N,-,0,1,R,,-,N,60,,W,,-,-,2014
6567155,4,2,N,F,0,-,,W,-,-,O,-,-,-,-,"- ",,,-,-,0,1,-,,-,N,60,,,,-,-,2014
6567155,5,2,N,F,0,-,,W,-,-,O,-,-,-,-,"- ",,,-,-,0,1,-,,-,N,60,,,,-,-,2014
6585991,1,4,Y,M,53,A,-,S,-,-,O,-,3,-,-,"- ",,,F,-,0,1,B,,-,L,04,,W,-,-,-,2014
6585991,2,3,N,-,998,A,-,S,-,-,O,-,-,-,-,"- ",,,N,-,0,0,O,2003,FORD,I,19,,,,-,-,2014
6587766,1,4,Y,M,53,A,-,S,-,-,O,-,3,-,,39,21201,D,A,-,0,1,Q,,-,L,04,,B,,-,-,2014
6587766,2,1,N,-,998,G,G,N,-,-,,-,3,-,-,"- ",,,N,-,0,0,B,,CHEVROLET,A,07,,,,-,-,2014
6587766,3,3,N,-,998,-,,N,-,-,O,-,-,-,-,"- ",,,-,-,0,0,-,1997,HONDA,A,01,,,,-,-,2014
6628918,1,3,Y,-,998,A,-,N,-,-,O,-,3,-,-,"- ",,,N,-,0,0,R,1999,TOYOTA,-,,,,,-,-,2014
6628918,2,4,N,F,58,A,-,N,-,-,O,-,3,-,-,"- ",,,N,-,0,1,B,,-,L,04,,B,,-,-,2014
6650776,1,1,Y,M,68,A,-,W,M,G,Y,-,-,-,-,"- ",,,N,-,0,0,A,2010,TOYOTA,-,,,W,,-,-,2014
6650776,2,2,N,F,53,A,-,N,-,-,O,-,-,-,-,"- ",,,N,-,0,1,-,,-,N,60,,B,,-,-,2014
6651605,1,1,Y,-,998,G,G,E,-,-,,-,-,-,-,"- ",,,F,-,0,0,B,,-,-,99,,,-,-,-,2014
6651605,2,2,N,M,31,A,-,S,-,-,O,-,-,-,-,"- ",,,N,-,0,1,R,,-,N,60,,H,,-,-,2014
6678087,1,2,Y,M,84,G,G,-,-,-,O,-,3,-,-,"- ",,,J,-,1,0,B,,-,N,60,,A,,-,-,2015
6678087,2,1,N,M,29,H,H,W,M,G,Y,-,3,-,-,"- ",,,N,-,0,0,B,2014,FORD,D,22,,W,,-,-,2015
6696667,1,4,Y,M,30,G,G,N,-,-,O,-,-,-,-,"- ",,,F,-,0,1,L,,-,L,04,,H,-,-,-,2014
6696667,2,1,N,M,38,A,-,W,M,G,Y,-,-,-,-,"- ",,,M,-,0,0,B,2014,TOYOTA,-,,,H,,-,-,2014
6696671,1,4,Y,M,38,A,-,W,-,-,O,-,3,-,,40,21201,A,A,-,0,1,B,,-,L,04,,B,,-,-,2014
6696671,2,-,N,-,998,G,G,-,-,-,,-,-,-,-,"- ",,,-,-,0,0,B,,PONTIAC,-,,,,,-,-,2014
6713647,1,1,Y,M,51,A,-,N,M,G,Y,-,2,-,-,"- ",,,N,-,0,0,E,2007,CHEVROLET,D,22,,B,,-,-,2014
6713647,2,2,N,M,65,A,-,W,-,-,O,-,2,-,-,"- ",,,N,-,0,1,B,,-,N,60,,W,,-,-,2014
6772333,1,1,Y,M,27,B,-,N,M,B,,-,-,-,-,"- ",,,-,-,0,0,B,2001,VOLKSWAGEN,-,,,H,,-,-,2014
6772333,2,2,N,F,46,-,-,E,-,-,O,-,-,-,-,"- ",,,-,-,0,1,B,,-,N,60,,H,,-,-,2014
6780673,1,4,Y,M,17,A,-,E,-,-,O,-,3,-,,39,21201,D,A,-,0,1,Q,,-,L,04,,H,,-,-,2015
6780673,2,1,N,M,26,A,-,S,M,G,Y,-,3,-,-,"- ",,,N,-,0,0,A,2011,FORD,J,48,,W,,-,-,2015
6781915,1,1,Y,F,46,A,-,N,M,G,Y,-,-,-,-,"- ",,,N,-,0,0,E,2004,ACURA,A,01,,W,,-,-,2014
6781915,2,2,N,F,57,A,-,W,-,-,O,-,-,-,-,"- ",,,N,-,0,1,B,,-,N,60,,A,,-,-,2014
6782035,1,1,Y,M,62,A,-,W,M,G,Y,-,3,-,-,"- ",,,N,-,0,0,E,1998,FORD,A,01,,A,,-,-,2014
6782035,2,2,N,F,35,A,-,S,-,-,O,-,3,-,-,"- ",,,N,-,0,1,-,,-,N,60,,B,,-,-,2014
6783239,1,1,Y,M,41,A,-,W,M,G,Y,-,3,-,-,"- ",,,N,-,0,0,G,2005,TOYOTA,-,,,H,,-,-,2014
6783239,2,2,N,F,59,A,-,N,-,-,O,-,3,-,-,"- ",,,N,-,0,1,R,,-,N,60,,H,,-,-,2014
6788965,1,1,N,M,55,C,-,N,M,B,,-,3,-,-,"- ",,,N,-,0,0,D,1990,HONDA,A,01,,B,,-,-,2015
6788965,2,4,Y,M,53,A,-,S,-,-,O,-,3,-,-,"- ",,,N,-,0,1,B,,-,L,04,,B,,-,-,2015
6788985,1,1,Y,M,41,A,-,W,M,G,Y,-,3,-,-,"- ",,,N,-,0,0,E,2006,MERCEDES-BENZ,A,01,,A,,-,-,2015
6788985,2,2,N,F,48,A,-,W,-,-,O,-,3,-,-,"- ",,,N,-,0,1,B,,-,N,60,,O,,-,-,2015
6795355,1,2,Y,F,17,-,-,S,-,-,O,-,3,-,-,"- ",,,N,-,0,1,B,,-,N,60,,B,,-,-,2014
6795355,2,1,N,M,20,-,-,E,L,G,Y,-,3,-,-,"- ",,,N,-,0,0,E,2000,HONDA,A,01,,H,,-,-,2014
6797594,1,4,Y,M,47,A,-,N,-,-,O,-,3,-,-,"- ",,,N,-,0,1,B,,-,L,04,,W,,-,-,2014
6797594,2,1,N,F,30,A,-,E,M,G,Y,-,3,-,-,"- ",,,N,-,0,0,B,2008,DODGE,A,01,,A,,-,-,2014
6809986,1,1,Y,M,29,H,H,E,M,G,Y,-,3,-,-,"- ",,,E,-,0,0,D,2008,BMW,A,01,,H,,-,-,2015
6809986,2,2,N,M,14,H,H,N,-,-,O,-,3,-,-,"- ",,,N,-,0,1,B,,-,N,60,,A,,-,-,2015
6812093,1,2,Y,F,30,A,-,S,-,-,O,-,-,-,-,"- ",,,N,-,0,1,B,,-,N,60,,B,,-,-,2015
6812093,2,1,N,-,998,G,G,S,-,B,,-,-,-,-,"- ",,,N,-,0,0,B,,-,-,,,,,-,-,2015
6818731,1,4,Y,F,41,A,-,S,-,-,O,-,3,-,-,"- ",,,N,-,0,1,B,,-,L,04,,B,,-,-,2015
6818731,2,1,N,F,68,A,-,W,M,G,Y,-,3,-,-,"- ",,,N,-,0,0,B,2003,GMC,H,16,,B,,-,-,2015
6821072,1,2,Y,M,6,C,-,-,-,-,O,-,3,-,-,"- ",,,F,-,0,1,R,,-,N,60,,B,-,-,-,2015
6821072,2,1,N,M,56,C,-,W,M,-,Y,-,3,-,-,"- ",,,E,-,0,0,B,1988,TOYOTA,-,,,H,,-,-,2015
6822098,1,1,Y,-,998,G,G,W,-,-,,-,3,-,-,"- ",,,N,-,0,0,B,,TOYOTA,A,01,,,,-,-,2015
6822098,2,2,N,M,26,A,-,E,-,-,O,-,3,-,,35,21954,A,A,-,0,1,R,,-,N,60,,H,,-,-,2015
6823591,1,1,Y,F,43,A,-,E,M,G,Y,-,3,-,-,"- ",,,-,-,0,0,B,2001,DODGE,-,,,H,,-,-,2015
6823591,2,2,N,M,62,D,-,N,-,-,O,-,3,-,-,"- ",,,-,-,0,1,R,,-,N,60,,B,,-,-,2015
6823599,1,1,Y,F,30,A,-,S,M,G,Y,-,3,-,-,"- ",,,N,-,0,0,E,2002,CHEVROLET,A,01,,B,,-,-,2015
6823599,2,2,N,M,51,A,-,N,-,-,O,-,3,-,-,"- ",,,N,-,0,1,B,,-,N,60,,B,,-,-,2015
6823599,3,2,N,F,27,A,-,N,-,-,O,-,3,-,-,"- ",,,N,-,0,1,B,,-,N,60,,B,,-,-,2015
6825757,1,1,Y,F,25,A,-,W,M,G,N,-,3,-,-,"- ",,,N,-,0,0,B,1992,LEXUS,A,01,,B,,-,-,2015
6825757,2,2,N,M,32,A,-,-,-,-,O,-,3,-,-,"- ",,,N,-,0,1,R,,-,N,60,,O,,-,-,2015
6825757,3,3,N,-,998,-,-,-,-,-,O,-,-,-,-,"- ",,,-,-,0,0,-,2005,FORD,A,07,,,,-,-,2015
6826261,1,4,Y,F,45,A,-,N,-,-,O,-,3,-,,00,21206,,A,-,0,1,B,,-,L,04,,B,,-,-,2015
6826261,2,1,N,M,21,A,-,E,M,G,Y,-,3,-,-,"- ",,,-,-,0,0,B,1993,DODGE,-,,,H,,-,-,2015
6854317,1,4,Y,M,20,A,-,E,-,-,O,-,3,-,,40,21201,A,A,N,1,0,L,,-,L,04,,H,,-,-,2014
6854317,2,1,N,M,53,A,-,E,M,G,Y,A,3,-,-,"- ",,,N,-,0,0,B,2015,PETERBILT,F,79,,B,,-,-,2014
6855390,1,4,Y,M,51,G,G,N,-,-,O,-,3,-,-,"- ",,,N,-,0,1,B,,-,L,04,,W,,-,-,2015
6855390,2,1,N,M,51,G,G,N,P,-,Y,-,3,-,-,"- ",,,N,-,0,0,B,2001,HONDA,A,01,,W,,-,-,2015
6855391,1,4,Y,F,29,A,-,E,-,-,O,-,3,-,-,"- ",,,N,-,0,1,Q,,-,L,04,,W,,-,-,2015
6855391,2,1,N,F,59,A,-,-,M,G,Y,-,3,-,-,"- ",,,N,-,0,0,D,2014,CHRYSLER,A,08,,B,,-,-,2015
6855393,1,1,Y,M,998,-,-,N,-,-,,-,-,-,-,"- ",,,N,-,0,0,D,,MERCEDES-BENZ,-,99,,W,,-,-,2015
6855393,2,2,N,M,79,-,-,S,-,-,O,-,-,-,-,"- ",,,N,-,0,1,R,,-,N,60,,H,,-,-,2015
6855395,1,1,Y,M,26,A,-,N,-,G,Y,-,-,-,-,"- ",,,N,-,0,0,E,1994,CHEVROLET,-,,,A,,-,-,2015
6855395,2,2,N,F,51,A,-,W,-,-,O,-,-,-,-,"- ",,,-,-,0,1,B,,-,N,60,,O,,-,-,2015
6855765,1,1,Y,F,60,H,H,E,M,G,Y,-,3,-,-,"- ",,,N,-,0,0,B,2014,FORD,A,01,,B,,-,-,2015
6855765,2,4,N,M,37,H,H,E,-,-,O,-,3,-,-,"- ",,,N,-,0,1,B,,-,L,04,,B,,-,-,2015
6872184,1,1,Y,M,998,G,G,N,-,-,,-,3,-,-,"- ",,,N,-,0,0,E,,ACURA,A,01,,B,,-,-,2015
6872184,2,2,N,F,44,A,-,W,-,-,O,-,3,-,-,"- ",,,N,-,0,1,R,,-,N,60,,H,,-,-,2015
6876811,1,2,Y,F,55,H,H,W,-,-,O,-,-,-,-,"- ",,,N,-,0,1,L,,-,N,60,,W,,-,-,2015
6876811,2,1,N,M,53,A,-,N,M,G,Y,-,3,-,-,"- ",,,N,-,0,0,D,2004,HONDA,A,08,,A,,-,-,2015
6881558,1,2,Y,M,14,G,G,N,-,-,O,-,-,-,-,"- ",,,N,-,0,1,B,,-,N,60,,B,,-,-,2015
6881558,2,1,N,F,65,A,-,N,M,G,Y,-,-,-,-,"- ",,,-,-,0,0,B,2013,VOLKSWAGEN,A,01,,A,,-,-,2015
6881594,1,2,Y,M,19,A,-,-,-,-,O,-,-,-,-,"- ",,,-,-,0,1,-,,-,N,60,,B,,-,-,2015
6881594,2,1,N,-,998,G,G,-,-,-,,-,-,-,,19,20001,,A,-,0,0,D,,-,-,,,,,-,-,2015
6881598,1,1,Y,M,18,G,G,W,M,H,N,-,3,-,-,"- ",,,N,-,0,0,E,2003,MERCEDES-BENZ,-,,,H,,-,-,2015
6881598,2,2,N,M,21,A,-,-,-,-,O,-,3,-,-,"- ",,,N,-,0,1,B,,-,N,60,,H,,-,-,2015
6881980,1,2,Y,F,47,A,-,S,-,-,O,-,-,-,-,"- ",,,N,-,0,1,L,,-,N,60,,B,,-,-,2015
6881980,2,1,N,M,49,C,-,W,M,G,Y,-,3,-,-,"- ",,,N,-,0,0,B,2011,NISSAN,A,01,,W,,-,-,2015
6905008,1,1,Y,M,33,A,-,S,M,G,Y,-,3,-,-,"- ",,,N,-,0,0,E,2014,CHEVROLET,J,48,,B,,-,-,2015
6905008,2,4,N,M,30,C,-,-,-,-,O,-,3,-,-,"- ",,,M,-,0,1,B,,-,L,04,,H,,-,-,2015
6932415,1,1,Y,F,71,A,-,W,M,G,Y,-,3,-,-,"- ",,,N,-,0,0,B,2012,TOYOTA,A,07,,W,,-,-,2015
6932415,2,2,N,M,59,A,-,N,-,-,O,-,3,-,-,"- ",,,N,-,0,1,R,,-,N,60,,W,,-,-,2015
6943921,1,4,Y,M,19,G,G,W,-,-,O,-,3,-,-,"- ",,,K,-,0,2,Q,,-,L,04,,H,,-,-,2015
6943921,2,1,N,F,43,A,-,S,M,G,Y,-,3,-,-,"- ",,,N,-,0,0,B,2004,TOYOTA,A,08,,W,,-,-,2015
6945605,1,1,Y,F,16,A,-,E,P,G,Y,-,3,-,,25,22350,,A,-,0,0,B,1999,ISUZU,A,07,,H,,-,-,2015
6945605,2,3,N,-,998,H,H,-,-,-,O,-,3,-,-,"- ",,,N,-,0,0,O,1996,TOYOTA,A,01,,,,-,-,2015
6945605,3,3,N,-,998,H,H,-,-,-,O,-,3,-,-,"- ",,,N,-,0,0,O,2002,BMW,A,01,,,,-,-,2015
6945605,4,2,N,M,46,A,-,-,-,-,O,-,3,-,-,"- ",,,N,-,0,1,R,,-,N,60,,H,,-,-,2015
6965554,1,1,Y,-,998,G,G,E,-,-,,-,-,-,-,"- ",,,N,-,0,0,M,,-,-,99,,,,-,-,2015
6965554,2,4,N,M,43,G,G,E,-,-,O,-,-,-,-,"- ",,,N,-,0,1,B,,-,L,04,,B,,-,-,2015
6976933,1,1,Y,M,49,A,-,E,M,G,Y,-,3,-,-,"- ",,,N,-,0,0,B,2011,HONDA,A,01,,A,,-,-,2014
6976933,2,4,N,F,24,A,-,E,-,-,O,-,3,-,-,"- ",,,N,-,0,1,B,,-,L,04,,H,,-,-,2014
6990930,1,4,Y,F,15,A,-,W,-,-,O,-,3,-,,27,21650,,A,-,0,1,Q,,-,L,04,,H,,-,-,2015
6990930,2,1,N,M,43,A,-,S,P,W,,-,3,-,-,"- ",,,N,-,0,1,B,2005,HARLEY-DAVIDSON,C,02,,B,,-,-,2015
6994343,1,2,Y,M,46,B,-,S,-,-,O,-,3,-,-,"- ",,,A,-,0,1,L,,-,N,60,,B,,-,-,2015
6994343,2,1,N,M,59,A,-,W,M,G,Y,-,3,-,-,"- ",,,N,-,0,0,B,1999,CHEVROLET,A,01,,B,,-,-,2015
6995241,1,1,Y,M,54,A,-,E,M,G,N,-,3,-,-,"- ",,,N,-,0,0,D,2002,NISSAN,A,01,,H,,-,-,2015
6995241,2,4,N,F,46,A,-,S,-,-,O,-,3,-,-,"- ",,,N,-,0,1,B,,-,L,04,,B,,-,-,2015
6999078,1,1,Y,F,23,A,-,W,M,G,Y,-,3,-,-,"- ",,,N,-,0,0,B,2003,FREIGHTLINER,H,14,,B,,-,-,2015
6999078,2,4,N,M,42,A,-,N,-,-,O,-,3,-,-,"- ",,,N,-,0,1,B,,-,L,04,,H,,-,-,2015
7028191,1,2,Y,F,43,B,-,E,-,-,O,-,3,-,-,"- ",,,N,-,0,1,L,,-,N,60,,H,,-,-,2015
7028191,2,1,N,M,54,A,-,N,M,G,Y,-,3,-,-,"- ",,,N,-,0,0,B,2000,TOYOTA,A,01,,B,,-,-,2015
7045839,1,1,Y,-,998,H,H,-,-,-,,-,3,-,-,"- ",,,F,-,0,0,B,,-,A,01,,,-,-,-,2015
7045839,2,2,N,F,44,A,-,N,-,-,O,-,3,-,-,"- ",,,N,-,0,1,B,,-,N,60,,,,-,-,2015
7047297,1,1,Y,-,998,A,-,E,-,-,,-,3,-,-,"- ",,,N,-,0,1,B,,HONDA,-,99,,,,-,-,2015
7047297,2,4,N,M,21,G,G,N,-,-,O,-,3,-,-,"- ",,,N,-,0,0,B,,-,L,04,,H,,-,-,2015
7047301,1,1,Y,M,49,A,-,S,M,C,Y,-,3,-,-,"- ",,,E,-,0,0,E,2005,HONDA,-,,,O,,-,-,2015
7047301,2,2,N,M,88,A,-,-,-,-,O,-,3,-,-,"- ",,,N,-,0,1,B,,-,N,60,,,,-,-,2015
7056870,1,4,Y,M,9,A,-,W,-,-,O,-,3,-,-,"- ",,,N,-,0,1,B,,-,L,04,,H,,-,-,2015
7056870,2,1,N,F,36,A,-,W,M,G,Y,-,3,-,-,"- ",,,N,-,0,0,B,2003,FORD,A,01,,H,,-,-,2015
7056998,1,2,N,M,27,-,,S,-,-,O,-,-,-,-,"- ",,,-,-,0,1,-,,-,N,60,,H,,-,-,2015
7056998,2,1,N,F,34,-,,E,M,G,N,-,-,-,-,"- ",,,-,-,0,0,-,,NISSAN,-,,,B,,-,-,2015
7057015,1,1,Y,-,998,G,G,E,-,-,N,-,-,-,-,"- ",,,N,-,0,0,E,,TOYOTA,A,01,,,,-,-,2015
7057015,2,2,N,M,25,A,-,N,-,-,O,-,3,-,-,"- ",,,N,-,0,1,B,,-,N,60,,W,,-,-,2015
7057138,1,4,Y,F,11,A,-,E,-,-,O,-,-,-,-,"- ",,,N,-,0,1,B,,-,L,04,,O,,-,-,2015
7057138,2,1,N,F,17,A,-,N,M,G,Y,-,-,-,-,"- ",,,N,-,0,0,H,2015,INFINITI,-,,,B,,-,-,2015
7057140,1,1,Y,F,54,A,-,S,M,G,Y,-,3,-,-,"- ",,,N,-,0,0,D,2015,TOYOTA,A,01,,B,,-,-,2015
7057140,2,2,N,M,13,A,-,E,-,-,O,-,3,-,-,"- ",,,N,-,0,1,R,,-,N,60,,B,,-,-,2015
7058363,1,1,Y,M,998,G,G,E,-,-,,-,3,-,-,"- ",,,N,-,0,0,M,2005,AUDI,A,01,,H,,-,-,2015
7058363,2,4,N,M,35,A,-,N,-,-,O,-,3,-,-,"- ",,,N,-,0,1,B,,-,L,04,,W,,-,-,2015
7071083,1,4,Y,M,18,A,-,W,-,-,O,-,-,-,,39,21201,D,A,-,0,1,B,,-,L,04,,B,,-,-,2015
7071083,2,1,N,-,998,G,G,-,-,-,,-,-,-,,19,20001,,A,-,0,0,B,,-,-,,,,,-,-,2015
7081118,1,1,Y,M,998,G,G,-,-,-,,-,3,-,-,"- ",,,N,-,0,0,B,,ACURA,A,01,,B,,-,-,2015
7081118,2,4,N,F,49,A,-,N,-,-,O,-,3,-,-,"- ",,,N,-,0,1,B,,-,L,04,,B,,-,-,2015
7088825,1,1,Y,M,65,G,G,E,C,M,N,-,-,-,-,"- ",,,F,-,0,0,B,2004,MERCEDES-BENZ,-,,,W,-,-,-,2015
7088825,2,2,N,M,31,G,G,-,-,-,O,-,-,-,-,"- ",,,-,-,0,1,R,,-,N,60,,,,-,-,2015
7090139,1,1,Y,-,998,G,G,-,-,-,,-,-,-,,19,20001,,A,-,0,0,B,,-,-,,,,,-,-,2015
7090139,2,2,N,M,60,A,-,S,-,-,O,-,-,-,-,"- ",,,-,-,0,1,R,,-,N,60,,B,,-,-,2015
7093175,1,1,N,-,998,G,G,S,-,-,,-,3,-,-,"- ",,,N,-,0,0,B,,-,D,22,,,,-,-,2015
7093175,2,2,N,M,38,B,-,W,-,-,O,-,3,-,-,"- ",,,N,-,0,1,R,,-,N,60,,B,,-,-,2015
7093292,1,4,Y,M,45,G,G,S,-,-,O,-,3,-,,40,21201,A,A,-,0,1,Q,,-,L,04,,B,,-,-,2015
7093292,2,1,N,M,53,A,-,N,M,G,Y,-,3,-,-,"- ",,,N,-,0,0,D,2002,HONDA,A,08,,H,,-,-,2015
7093300,1,2,Y,F,46,A,-,W,-,-,O,-,3,-,-,"- ",,,N,-,0,1,L,,-,N,60,,A,,-,-,2015
7093300,2,1,N,M,57,A,-,N,M,G,Y,-,3,-,-,"- ",,,N,-,0,0,B,2001,CHEVROLET,A,01,,B,,-,-,2015
7093308,1,1,Y,M,998,G,G,N,-,-,,-,-,-,,19,20001,,A,-,0,0,B,,FORD,-,,,H,,-,-,2015
7093308,2,4,N,M,18,A,-,E,-,-,O,-,-,-,-,"- ",,,-,-,0,1,B,,-,L,04,,H,,-,-,2015
7097271,1,1,Y,M,57,A,-,N,M,H,Y,-,3,-,-,"- ",,,N,-,0,0,E,2006,DODGE,D,22,,O,,-,-,2015
7097271,2,2,N,M,31,A,-,-,-,-,O,-,3,-,-,"- ",,,N,-,0,1,B,,-,N,60,,H,,-,-,2015
7102661,1,4,Y,F,54,A,-,S,-,-,O,-,3,-,-,"- ",,,N,-,0,1,B,,-,L,04,,W,,-,-,2015
7102661,2,1,N,-,998,G,G,E,-,-,,-,3,-,-,"- ",,,N,-,0,0,B,,HONDA,A,01,,,,-,-,2015
7106869,1,4,Y,M,58,G,G,E,-,-,O,-,3,-,-,"- ",,,N,-,0,1,L,,-,L,04,,B,,-,-,2015
7106869,2,1,N,F,55,A,-,N,M,G,Y,-,3,-,-,"- ",,,N,-,0,1,B,1993,TOYOTA,A,01,,H,,-,-,2015
7106873,1,4,Y,M,58,A,-,W,-,-,O,-,3,-,-,"- ",,,N,-,0,1,B,,-,L,04,,B,,-,-,2015
7106873,2,1,N,M,50,A,-,S,M,G,Y,-,3,-,-,"- ",,,N,-,0,0,B,,VOLKSWAGEN,A,01,,A,,-,-,2015
7106877,1,4,Y,M,57,G,G,S,-,-,O,-,3,-,-,"- ",,,-,-,0,1,L,,-,L,04,,B,,-,-,2015
7106877,2,1,N,F,48,A,-,E,M,G,Y,-,3,-,-,"- ",,,-,-,0,0,B,2006,HONDA,A,08,,H,,-,-,2015
7190458,1,2,N,F,2,A,-,W,-,-,O,-,3,-,-,"- ",,,M,-,1,0,B,,-,N,60,,H,,-,-,2016
7190458,2,1,N,M,39,A,-,W,M,G,Y,-,3,-,-,"- ",,,N,-,0,0,B,2013,GMC,D,22,,H,,-,-,2016
7199789,1,2,Y,M,61,-,E,E,-,-,O,-,3,-,-,"- ",,,N,-,1,0,-,,-,N,60,,A,,-,-,2016
7199789,2,1,N,M,52,-,E,S,M,G,Y,-,3,-,,20,23152,E,A,F,0,0,B,2007,UD,F,55,,A,-,-,-,2016
7200046,1,1,Y,M,55,A,-,S,M,G,Y,-,3,-,-,"- ",,,N,-,0,0,B,1995,FORD,I,11,,H,,-,-,2016
7200046,2,2,N,F,70,A,-,W,-,-,O,-,3,-,-,"- ",,,N,-,1,0,B,,-,N,60,,A,,-,-,2016
8014627,1,4,Y,M,49,D,-,E,-,-,O,-,3,-,-,"- ",,,N,-,0,1,B,,-,L,04,,H,,-,-,2016
8014627,2,1,N,M,34,A,-,N,M,G,Y,-,3,-,-,"- ",,,N,-,0,0,D,2013,CHEVROLET,J,48,,B,,-,-,2016
8018253,1,4,Y,M,33,G,G,W,-,-,O,-,3,-,-,"- ",,,N,-,0,1,B,,-,L,04,,H,,-,-,2015
8018253,2,1,N,M,37,H,H,S,M,G,Y,-,3,-,-,"- ",,,N,-,0,0,B,1998,DODGE,D,22,,W,,-,-,2015
8018321,1,4,Y,F,24,H,H,S,-,-,O,-,3,-,-,"- ",,,N,-,0,1,B,,-,L,04,,O,,-,-,2016
8018321,2,1,N,M,24,H,H,-,M,G,Y,-,3,-,-,"- ",,,N,-,0,0,D,2013,DODGE,A,01,,H,,-,-,2016
8018544,1,4,Y,M,18,G,G,E,-,-,O,-,3,-,-,"- ",,,N,-,0,1,B,,-,L,04,,A,,-,-,2016
8018544,2,1,N,F,61,A,-,N,M,G,Y,-,3,-,-,"- ",,,N,-,0,0,B,2012,HYUNDAI,A,07,,W,,-,-,2016
8027680,1,1,Y,F,17,A,-,W,M,G,N,-,3,-,-,"- ",,,N,-,0,0,D,2004,MERCURY,A,07,,H,,-,-,2015
8027680,2,2,N,M,37,-,,S,-,-,O,-,-,-,-,"- ",,,-,-,0,1,-,,-,N,60,,H,,-,-,2015
8027698,1,1,Y,F,66,A,-,S,M,G,Y,-,3,-,-,"- ",,,N,-,0,0,E,2004,TOYOTA,A,01,,W,,-,-,2015
8027698,2,4,N,F,71,A,-,N,-,-,O,-,3,-,-,"- ",,,N,-,0,1,E,,-,L,04,,W,,-,-,2015
8027701,1,1,Y,F,33,A,-,E,M,G,N,-,1,-,,00,23123,A,A,F,0,0,E,2005,FORD,A,01,,B,-,-,-,2015
8027701,2,2,N,F,28,A,-,S,-,-,O,-,3,-,-,"- ",,,N,-,0,1,B,,-,N,60,,B,,-,-,2015
8027702,1,1,Y,F,62,A,-,E,M,G,Y,-,3,-,-,"- ",,,N,-,0,0,E,2015,TOYOTA,A,01,,W,,-,-,2015
8027702,2,2,N,F,68,A,-,N,-,-,O,-,3,-,-,"- ",,,N,-,0,1,R,,-,N,60,,W,,-,-,2015
8027716,1,1,Y,M,66,A,-,W,M,A,Y,-,-,-,-,"- ",,,N,-,0,0,E,2006,CHEVROLET,-,,,H,,-,-,2015
8027716,2,4,N,F,35,-,-,S,-,-,O,-,-,-,-,"- ",,,-,-,0,1,-,,-,L,04,,H,,-,-,2015
8030036,1,4,Y,M,35,A,-,E,P,W,O,-,3,-,-,"- ",,,N,-,0,1,B,,-,L,04,,W,,-,-,2016
8030036,2,1,N,M,54,A,-,N,M,G,Y,-,3,-,-,"- ",,,N,-,0,0,B,2014,MERCEDES-BENZ,A,07,,W,,-,-,2016
8030101,1,4,Y,M,37,A,-,S,-,-,O,-,3,-,-,"- ",,,N,-,0,1,L,,-,L,04,,W,,-,-,2016
8030101,2,1,N,M,18,A,-,W,M,G,Y,-,3,-,-,"- ",,,N,-,0,0,B,1998,HONDA,A,01,,W,,-,-,2016
8030121,1,2,Y,M,11,A,-,S,-,-,O,-,3,-,,47,22517,,A,-,0,1,L,,-,N,60,,B,,-,-,2016
8030121,2,1,N,M,48,A,-,E,M,G,Y,-,3,-,-,"- ",,,N,-,0,0,B,1999,TOYOTA,A,08,,H,,-,-,2016
8030141,1,1,N,M,52,A,-,W,M,G,Y,-,3,-,-,"- ",,,N,-,0,1,L,2014,HONDA,A,01,,B,,-,-,2016
8030141,2,2,N,M,63,A,-,S,-,-,O,-,3,-,-,"- ",,,N,-,0,0,B,,-,N,60,,O,,-,-,2016
8040484,1,2,Y,F,52,A,-,N,-,-,O,-,3,-,-,"- ",,,N,-,0,1,R,,-,N,60,,B,,-,-,2016
8040484,2,1,N,M,22,A,-,S,M,G,N,-,3,-,-,"- ",,,N,-,0,0,E,1995,LEXUS,A,01,,,,-,-,2016
8071308,1,1,Y,F,31,A,-,S,N,G,Y,-,3,-,-,"- ",,,N,-,0,0,E,2007,MINI,-,,,B,,-,-,2016
8071308,2,4,N,F,54,A,-,N,-,-,O,-,3,-,-,"- ",,,N,-,0,1,B,,-,L,04,,W,,-,-,2016
8077271,1,1,Y,M,998,G,G,W,-,-,,-,-,-,-,"- ",,,-,-,0,0,B,2015,DODGE,-,,,B,,-,-,2016
8077271,2,2,N,F,16,G,G,S,-,-,O,-,-,-,-,"- ",,,-,-,0,1,-,,-,N,60,,H,,-,-,2016
8082201,1,4,Y,M,28,D,-,W,-,-,O,-,3,-,-,"- ",,,F,-,0,1,J,,-,L,04,,B,-,-,-,2016
8082201,2,-,N,M,59,A,-,W,M,G,Y,-,3,-,-,"- ",,,N,-,0,0,B,1997,GMC,D,22,,B,,-,-,2016
8083263,1,2,Y,M,62,D,-,W,-,-,O,-,3,-,-,"- ",,,N,-,0,1,L,,-,N,60,,B,,-,-,2016
8083263,2,1,N,F,16,A,-,N,L,G,Y,-,3,-,-,"- ",,,N,-,0,0,B,2010,HONDA,A,01,,H,,-,-,2016
8083267,1,1,Y,M,28,H,H,W,M,G,Y,-,3,-,-,"- ",,,N,-,0,0,D,1999,LEXUS,A,07,,A,,-,-,2016
8083267,2,4,N,M,14,H,H,W,-,-,O,-,3,-,,00,21212,A,A,-,0,1,B,,-,L,04,,H,,-,-,2016
8091038,1,4,Y,M,56,A,-,E,-,-,O,-,3,-,-,"- ",,,N,-,0,1,B,,-,L,04,,B,,-,-,2016
8091038,2,1,N,F,18,A,-,S,M,G,Y,-,3,-,-,"- ",,,N,-,0,0,D,2008,FORD,A,01,,H,,-,-,2016
8091110,1,2,Y,M,998,A,-,N,-,-,O,-,3,-,-,"- ",,,F,-,0,1,L,,-,N,60,,H,-,-,-,2016
8091110,2,1,N,M,62,A,-,E,M,G,Y,-,3,-,-,"- ",,,E,-,0,0,B,2003,DODGE,A,01,,H,,-,-,2016
8091111,1,2,Y,M,53,D,-,S,-,-,O,-,3,-,-,"- ",,,N,-,0,1,A,,-,N,60,,W,,-,-,2016
8091111,2,1,N,F,68,A,-,E,M,G,Y,-,3,-,-,"- ",,,L,-,0,0,I,2005,HONDA,A,01,,W,,-,-,2016
8091111,3,3,N,-,998,-,-,E,-,-,O,-,-,-,,38,22500,H,A,-,0,0,-,2009,HYUNDAI,A,01,,,,-,-,2016
8091387,1,1,Y,M,61,C,-,S,M,G,N,-,3,-,-,"- ",,,N,-,0,0,J,1999,VOLKSWAGEN,A,01,,H,,-,-,2016
8091387,2,4,N,M,18,A,-,S,-,-,O,-,3,-,-,"- ",,,N,-,0,1,B,,-,L,04,,H,,-,-,2016
8091387,3,3,N,-,998,-,,S,-,-,O,-,-,-,-,"- ",,,-,-,0,0,-,,CHEVROLET,A,01,,,,-,-,2016
8093912,1,2,Y,F,51,A,-,E,-,-,O,-,3,-,-,"- ",,,N,-,0,1,R,,-,N,60,,W,,-,-,2016
8093912,2,1,N,F,25,A,-,W,M,G,,-,3,-,-,"- ",,,N,-,0,0,E,2012,TOYOTA,A,01,,H,,-,-,2016
8096068,1,1,Y,M,49,A,-,W,M,G,Y,-,3,-,-,"- ",,,N,-,0,0,B,2001,CHEVROLET,D,22,,H,,-,-,2016
8096068,2,2,N,M,66,A,-,S,-,-,O,-,3,-,-,"- ",,,N,-,0,1,B,,-,N,60,,W,,-,-,2016
8096676,1,1,Y,M,998,A,-,W,M,G,Y,-,-,-,-,"- ",,,N,-,0,0,J,1999,CHEVROLET,-,,,H,,-,-,2016
8096676,2,2,N,F,31,A,-,N,-,-,O,-,-,-,-,"- ",,,N,-,0,1,A,,-,N,60,,B,,-,-,2016
8096676,3,2,N,F,998,A,-,N,-,-,O,-,-,-,-,"- ",,,N,-,0,1,A,,-,N,60,,B,,-,-,2016
8096878,1,1,Y,F,34,A,-,W,M,G,Y,-,1,-,-,"- ",,,F,-,0,0,B,2012,TOYOTA,A,01,,A,A,-,-,2016
8096878,2,2,N,F,14,A,-,S,-,-,O,-,3,-,-,"- ",,,N,-,0,1,B,,-,N,60,,H,,-,-,2016
8105911,1,1,Y,-,998,G,G,W,-,-,,-,3,-,-,"- ",,,N,-,0,0,C,,FORD,D,22,,,,-,-,2016
8105911,2,4,N,M,26,A,-,W,-,-,O,-,3,-,-,"- ",,,N,-,0,1,B,,-,L,04,,B,,-,-,2016
8106058,1,1,Y,M,48,A,-,W,M,G,,-,3,-,-,"- ",,,N,-,0,0,E,2005,MINI,A,01,,B,,-,-,2016
8106058,2,2,N,M,45,A,-,S,-,-,O,-,3,-,-,"- ",,,N,-,0,1,R,,-,N,60,,B,,-,-,2016
8127834,1,1,N,M,19,A,-,W,M,G,N,-,3,-,-,"- ",,,N,-,0,1,R,1998,HONDA,-,,,H,,-,-,2016
8127834,2,4,N,M,58,A,-,-,-,-,O,-,3,-,-,"- ",,,N,-,0,0,R,,-,L,04,,B,,-,-,2016
8142208,1,4,Y,M,16,A,-,W,-,-,O,-,3,-,,23,21453,A,A,-,0,1,Q,,-,L,04,,W,,-,-,2016
8142208,2,1,N,F,57,A,-,-,M,G,Y,-,3,-,-,"- ",,,N,-,0,0,B,1996,SAAB,A,01,,B,,-,-,2016
8142458,1,4,Y,M,13,A,-,N,-,-,O,-,3,-,-,"- ",,,N,-,0,1,L,,-,L,04,,W,,-,-,2016
8142458,2,1,N,M,45,A,-,W,M,G,Y,-,3,-,-,"- ",,,N,-,0,0,B,2012,HONDA,A,01,,W,,-,-,2016
81569044,1,4,Y,M,32,G,G,E,-,A,O,-,3,-,-,"- ",,,N,-,0,1,B,,-,L,04,,O,,-,-,2021
81569044,2,1,N,-,998,G,G,S,N,-,Y,-,3,-,-,"- ",,,N,-,0,0,B,,ACURA,A,01,,O,,-,-,2021
8156952,1,4,Y,F,26,D,-,S,-,-,O,-,3,-,,00,20200,5,A,-,0,1,B,,-,L,04,,B,,-,-,2016
8156952,2,1,N,F,998,G,G,W,-,-,,-,3,-,-,"- ",,,-,-,0,0,L,,-,D,22,,H,,-,-,2016
81644131,1,1,Y,M,34,A,-,N,M,G,Y,-,3,-,-,"- ",,,A,-,0,0,J,2007,HONDA,A,01,,O,,-,-,2021
81644131,2,4,N,M,63,G,G,E,-,P,O,-,3,-,-,"- ",,,N,-,0,1,B,,ROADTECH,L,04,,O,,-,-,2021
8165602,1,2,Y,M,2,A,-,S,-,-,O,-,3,-,-,"- ",,,N,-,0,1,L,,-,N,60,,B,,-,-,2016
8165602,2,1,N,F,21,A,-,-,M,G,Y,-,3,-,-,"- ",,,N,-,0,0,B,1999,HONDA,A,01,,B,,-,-,2016
81661577,1,1,Y,-,998,G,G,E,-,-,N,-,-,-,-,"- ",,,A,N,0,0,B,,LEXUS,A,01,,,,-,-,2021
81661577,2,2,N,M,78,A,-,N,-,-,O,-,3,-,-,"- ",,,N,-,0,1,B,,-,N,60,,O,,-,-,2021
81661580,1,1,Y,F,61,A,-,W,M,C,Y,-,3,-,-,"- ",,,A,-,0,0,B,2006,TOYOTA,A,01,,O,,-,-,2021
81661580,2,2,N,M,14,H,H,N,-,-,O,-,3,-,-,"- ",,,N,-,0,1,B,,-,N,60,,O,,-,-,2021
81661580,3,2,N,F,9,H,H,N,-,-,O,-,3,-,-,"- ",,,N,-,0,1,B,,-,N,60,,O,,-,-,2021
81665971,1,1,Y,-,998,G,G,-,-,-,N,-,-,-,-,"- ",,,N,-,0,0,D,,NISSAN,-,99,,,,-,-,2021
81665971,2,2,N,F,37,A,-,S,-,-,O,-,-,-,-,"- ",,,N,-,0,1,B,,-,N,60,,O,,-,-,2021
81673062,1,1,Y,-,998,G,G,-,-,-,N,-,-,-,-,"- ",,,O,-,0,0,B,,-,-,99,,,,-,-,2021
81673062,2,2,N,M,56,C,-,W,-,-,O,-,-,-,-,"- ",,,N,-,0,1,R,,-,N,60,,O,,-,-,2021
81676990,1,1,Y,F,73,A,-,S,M,G,Y,-,-,-,-,"- ",,,N,-,0,0,E,2020,GMC,A,01,,O,,-,-,2021
81676990,2,2,N,M,70,A,-,N,-,-,O,-,-,-,-,"- ",,,N,-,0,1,R,,-,N,60,,O,,-,-,2021
81679118,1,1,Y,M,79,C,-,S,M,G,Y,-,-,-,-,"- ",,,N,-,0,0,B,2001,SUBARU,A,01,,O,,-,-,2021
81679118,2,4,N,M,54,C,-,S,-,-,O,-,-,-,-,"- ",,,N,-,0,1,B,,-,L,04,,O,,-,-,2021
81679408,1,1,Y,F,20,A,-,W,M,G,N,-,-,-,-,"- ",,,N,-,0,0,B,2007,HYUNDAI,A,01,,O,,-,-,2021
81679408,2,2,N,M,68,A,-,N,-,-,O,-,-,-,-,"- ",,,N,-,0,1,B,,-,N,60,,O,,-,-,2021
81689184,1,1,Y,-,998,G,G,W,-,-,N,-,3,-,-,"- ",,,A,-,0,0,B,,-,A,07,,,,-,-,2021
81689184,2,2,N,F,59,A,-,N,-,-,O,-,3,-,-,"- ",,,N,-,1,0,B,,-,N,60,,O,,-,-,2021
81690139,1,1,Y,F,37,A,-,S,M,G,Y,-,3,-,-,"- ",,,N,-,0,0,E,2016,TOYOTA,A,01,,O,,-,-,2022
81690139,2,2,N,M,68,A,-,E,-,-,O,-,3,-,-,"- ",,,N,-,0,1,B,,-,N,60,,O,,-,-,2022
81690142,1,1,Y,M,62,A,-,E,M,G,Y,-,3,-,-,"- ",,,N,-,0,0,D,2003,DODGE,E,22,32,O,,-,-,2022
81690142,2,4,N,F,54,A,-,N,-,W,O,-,3,-,-,"- ",,,N,-,0,1,B,,-,L,04,,O,,-,-,2022
81701627,1,1,Y,F,38,A,-,E,M,G,Y,-,3,-,-,"- ",,,N,-,0,0,D,2008,CHEVROLET,A,07,,O,,-,-,2022
81701627,2,2,N,F,45,A,-,E,-,-,O,-,3,-,-,"- ",,,N,-,0,1,B,,-,N,60,,O,,-,-,2022
81709373,1,4,Y,M,20,G,G,W,-,V,O,-,-,-,-,"- ",,,N,-,0,1,L,,-,L,04,,O,,-,-,2022
81709373,2,1,N,M,82,A,-,N,M,G,Y,-,3,-,-,"- ",,,E,-,0,0,B,2005,HONDA,A,07,,O,,-,-,2022
81715814,1,1,Y,F,29,A,-,E,M,G,Y,-,3,-,-,"- ",,,N,-,0,0,B,2017,HONDA,A,01,,O,,-,-,2022
81715814,2,2,N,F,56,A,-,S,-,-,O,-,3,-,-,"- ",,,N,-,0,1,R,,-,N,60,,O,,-,-,2022
81716137,1,1,Y,-,998,G,G,E,-,-,N,-,-,-,-,"- ",,,N,-,0,0,M,2020,-,-,99,,,,-,-,2021
81716137,2,4,N,F,37,G,G,E,-,-,O,-,-,-,-,"- ",,,N,-,0,1,Q,,-,L,04,,O,,-,-,2021
81727136,1,1,Y,-,998,G,G,N,-,-,N,-,-,-,-,"- ",,,N,-,0,0,B,,-,-,99,,,,-,-,2022
81727136,2,2,N,M,18,-,-,E,-,-,O,-,-,-,-,"- ",,,N,-,0,1,L,,-,N,60,,O,,-,-,2022
81727143,1,2,Y,F,17,-,-,N,-,-,O,-,3,-,-,"- ",,,N,-,0,1,L,,-,N,60,,O,,-,-,2022
81727143,2,1,N,F,49,A,-,E,M,G,Y,-,3,-,-,"- ",,,N,-,0,0,B,2015,HYUNDAI,A,01,,O,,-,-,2022
81745751,1,1,N,F,26,A,-,S,M,C,Y,-,3,-,-,"- ",,,A,N,0,0,E,2017,FORD,A,01,,O,,-,-,2022
81745751,2,2,N,F,53,A,-,S,-,-,O,-,3,-,-,"- ",,,N,-,0,1,B,,-,N,60,,O,,-,-,2022
81748574,1,4,N,M,20,A,-,W,-,V,O,-,-,-,-,"- ",,,N,-,0,1,L,,-,L,04,,O,,-,-,2022
81748574,2,1,N,M,60,A,-,N,M,G,Y,-,-,-,-,"- ",,,N,-,0,0,L,2017,TOYOTA,A,01,,O,,-,-,2022
81748576,1,1,N,F,37,A,-,N,M,G,Y,-,-,-,-,"- ",,,N,-,0,0,A,2011,TOYOTA,A,01,,O,,-,-,2022
81748576,2,4,N,F,29,A,-,S,-,W,O,-,-,-,-,"- ",,,N,-,0,1,B,,-,L,04,,O,,-,-,2022
8176137,1,1,Y,F,33,H,H,E,M,G,N,-,3,-,,47,12500,A,A,-,0,0,E,2015,TOYOTA,A,01,,H,,-,-,2016
8176137,2,2,N,F,49,H,H,E,-,-,O,-,3,-,-,"- ",,,N,-,0,1,B,,-,N,60,,H,,-,-,2016
81764876,1,4,Y,M,15,A,-,E,-,-,O,-,-,-,-,"- ",,,N,-,0,1,B,,-,L,04,,O,,-,-,2022
81764876,2,1,N,F,33,A,-,E,M,G,N,-,3,-,-,"- ",,,F,-,0,0,B,2007,HONDA,A,01,,O,-,-,-,2022
81783906,1,4,Y,M,47,H,H,S,-,-,O,-,3,-,-,"- ",,,A,N,0,1,Q,,-,L,04,,O,,-,-,2022
81783906,2,1,N,M,32,H,H,W,M,-,Y,-,3,-,-,"- ",,,N,-,0,0,D,2022,FORD,D,73,,O,,-,-,2022
81785446,1,4,Y,M,24,D,-,W,-,P,O,-,3,-,-,"- ",,,N,-,0,1,L,,OTHER,L,04,,O,,-,-,2022
81785446,2,1,N,F,998,A,-,S,M,C,Y,-,3,-,-,"- ",,,N,-,0,0,B,2018,FORD,A,07,,,,-,-,2022
81789520,1,4,Y,M,28,G,G,W,-,V,O,-,-,-,-,"- ",,,A,K,0,1,Q,,UNKNOWN,L,04,,O,,-,-,2022
81789520,2,1,N,M,998,A,-,W,M,H,Y,-,-,-,-,"- ",,,N,-,0,0,A,2020,FORD,J,48,,,,-,-,2022
81818496,1,1,Y,M,40,G,G,N,M,G,Y,-,-,-,-,"- ",,,N,-,0,0,E,2012,JAGUAR,A,01,,O,,-,-,2022
81818496,2,2,N,M,74,A,-,W,-,-,O,-,1,-,-,"- ",,,N,-,0,1,L,,-,N,60,,O,,-,-,2022
81829305,1,1,Y,M,21,A,-,N,M,G,Y,-,-,-,-,"- ",,,N,-,0,0,D,2016,FORD,A,01,,O,,-,-,2022
81829305,2,2,N,M,66,A,-,W,-,-,O,-,-,-,-,"- ",,,N,-,0,1,B,,-,N,60,,A,,-,-,2022
81838596,1,4,Y,M,15,A,-,E,-,P,O,-,3,-,-,"- ",,,N,-,0,1,Q,,GENESIS,L,04,,O,,-,-,2022
81838596,2,1,N,M,44,A,-,W,M,G,Y,-,3,-,-,"- ",,,A,-,0,0,B,2021,HONDA,A,01,,O,,-,-,2022
8183899,1,1,Y,-,998,G,G,-,-,-,,-,3,-,,00,22352,A,A,-,0,0,B,,TOYOTA,-,,,,,-,-,2016
8183899,2,4,N,M,8,A,-,N,-,-,O,-,3,-,-,"- ",,,N,-,0,1,O,,-,L,04,,B,,-,-,2016
81839894,1,1,Y,M,37,G,G,S,M,G,N,-,3,-,-,"- ",,,A,-,0,0,E,1991,BUICK,A,01,,O,,-,-,2022
81839894,2,4,N,F,61,A,-,S,-,P,O,-,3,-,-,"- ",,,N,-,0,1,B,,GENZE,L,04,,O,,-,-,2022
8184130,1,1,Y,-,998,G,G,N,-,-,,-,-,-,-,"- ",,,N,-,0,0,D,,HONDA,-,,,,,-,-,2016
8184130,2,2,N,M,21,A,-,N,-,-,O,-,-,-,-,"- ",,,N,-,0,1,B,,-,N,60,,H,,-,-,2016
8184245,1,1,N,-,998,A,-,E,-,-,,-,3,-,,25,22350,,A,-,0,0,B,,-,A,01,,,,-,-,2016
8184245,2,4,Y,F,27,A,-,S,-,-,O,-,3,-,-,"- ",,,N,-,0,1,E,,-,L,04,,H,,-,-,2016
8184257,1,1,Y,M,63,A,-,E,M,G,Y,-,3,-,,27,21650,,A,-,0,0,E,2000,TOYOTA,A,08,,O,,-,-,2016
8184257,2,4,N,M,58,A,-,S,-,-,O,-,3,-,-,"- ",,,N,-,0,1,B,,-,L,04,,W,,-,-,2016
8184277,1,1,Y,F,998,G,G,S,-,B,,-,-,-,-,"- ",,,-,-,0,0,B,1992,TOYOTA,-,,,H,,-,-,2016
8184277,2,2,N,M,50,A,-,-,-,-,O,-,-,-,-,"- ",,,-,-,0,1,R,,-,N,60,,B,,-,-,2016
8184277,3,3,N,-,998,H,H,W,-,-,O,-,-,-,-,"- ",,,-,-,0,0,O,1998,FORD,-,,,,,-,-,2016
8184285,1,1,Y,M,54,A,-,W,M,G,Y,-,3,-,-,"- ",,,N,-,0,0,B,1999,CHEVROLET,A,08,,H,,-,-,2016
8184285,2,2,N,F,64,A,-,N,-,-,O,-,3,-,-,"- ",,,N,-,0,1,R,,-,N,60,,B,,-,-,2016
81851007,1,1,Y,M,31,A,-,S,M,G,Y,-,3,-,-,"- ",,,N,-,0,0,D,2006,HYUNDAI,A,01,,O,,-,-,2022
81851007,2,2,N,F,67,A,-,W,-,-,O,-,3,-,-,"- ",,,N,-,0,1,B,,-,N,60,,O,,-,-,2022
81861735,1,1,Y,F,50,A,-,N,M,G,Y,-,3,-,-,"- ",,,N,-,0,0,B,2016,JEEP,A,07,,O,,-,-,2022
81861735,2,2,N,M,67,H,H,W,-,-,O,-,3,-,-,"- ",,,N,-,0,1,L,,-,N,60,,O,,-,-,2022
81878340,1,1,N,-,998,G,G,W,-,-,N,-,-,-,-,"- ",,,N,-,0,0,B,,-,A,01,,,,-,-,2022
81878340,2,4,Y,M,43,A,-,S,-,-,O,-,3,-,-,"- ",,,M,-,0,1,B,,-,L,04,,O,,-,-,2022
81886832,1,1,Y,M,998,G,G,E,-,-,N,-,-,-,-,"- ",,,N,-,0,0,B,,TOYOTA,A,01,,O,,-,-,2022
81886832,2,4,N,M,22,D,-,S,-,-,O,-,-,-,-,"- ",,,N,-,0,1,B,,HUFFY,L,04,,O,,-,-,2022
81891095,1,1,Y,M,20,A,-,S,M,-,Y,-,3,-,-,"- ",,,A,F,0,0,E,2016,LEXUS,A,01,,O,-,-,-,2022
81891095,2,2,N,F,58,A,-,N,-,-,O,-,3,-,-,"- ",,,N,-,0,1,-,,-,N,60,,O,,-,-,2022
81891096,1,1,Y,M,32,A,-,W,M,G,Y,-,3,-,-,"- ",,,N,-,0,0,D,2021,INTERNATIONAL,-,35,,O,,-,-,2022
81891096,2,2,N,M,21,A,-,W,-,-,O,-,3,-,-,"- ",,,N,-,0,1,B,,-,N,60,,O,,-,-,2022
81895713,1,1,Y,-,998,G,G,S,-,-,N,-,-,-,-,"- ",,,N,-,0,0,E,,MITSUBISHI,D,22,,,,-,-,2022
81895713,2,4,N,M,59,A,-,E,-,W,O,-,3,-,-,"- ",,,N,-,0,1,B,,SPECIALIZED,L,04,,O,,-,-,2022
81903575,1,1,Y,M,53,H,H,S,M,-,Y,-,-,-,-,"- ",,,N,-,0,0,B,1991,"GENERAL MOTORS",I,11,,O,,-,-,2022
81903575,2,2,N,M,77,H,H,W,-,-,O,-,-,-,-,"- ",,,N,-,0,1,-,,-,N,60,,O,,-,-,2022
81904921,1,1,N,-,998,G,G,W,-,-,Y,-,-,-,-,"- ",,,N,-,0,0,B,,-,-,99,,,,-,-,2022
81904921,2,4,N,M,41,H,H,N,-,-,O,-,3,-,-,"- ",,,N,-,0,1,B,,-,L,04,,O,,-,-,2022
81916175,1,1,Y,-,998,G,G,E,N,-,Y,-,-,-,-,"- ",,,N,-,0,0,D,,-,A,01,,O,,-,-,2022
81916175,2,4,N,M,25,A,-,N,-,V,O,-,-,-,-,"- ",,,N,-,0,1,B,,-,L,04,,O,,-,-,2022
81917647,1,1,Y,M,83,A,-,S,M,-,Y,-,3,-,-,"- ",,,N,-,0,0,E,2014,HONDA,B,01,99,A,,-,-,2022
81917647,2,2,N,M,64,A,-,-,-,-,O,-,3,-,-,"- ",,,N,-,0,1,-,,-,N,60,,O,,-,-,2022
81924845,1,2,N,M,11,A,-,S,-,-,O,-,3,-,-,"- ",,,E,G,0,1,B,,-,N,60,,O,,-,-,2022
81924845,2,1,Y,F,37,A,-,E,M,G,Y,-,3,-,-,"- ",,,E,-,0,0,B,2013,HYUNDAI,A,01,,O,,-,-,2022
81926950,1,1,Y,F,39,A,-,E,M,G,Y,-,3,-,-,"- ",,,E,-,0,0,E,2007,CADILLAC,A,07,,O,,-,-,2022
81926950,2,4,N,M,37,A,-,W,-,-,O,-,3,-,-,"- ",,,N,-,0,1,A,,TREK,L,04,,O,,-,-,2022
81932050,1,1,Y,-,998,G,G,W,-,-,Y,-,3,-,-,"- ",,,N,-,0,0,B,,-,M,96,,,,-,-,2022
81932050,2,2,N,M,40,B,-,N,-,-,O,-,3,-,-,"- ",,,N,-,0,1,R,,-,N,60,,O,,-,-,2022
8193230,1,1,Y,-,998,G,G,-,-,-,N,-,3,-,,19,20001,A,A,-,0,0,B,,-,-,,,,,-,-,2016
8193230,2,2,N,F,44,G,G,S,-,-,O,-,3,-,-,"- ",,,N,-,0,1,B,,-,N,60,,H,,-,-,2016
81934671,1,1,Y,F,54,A,-,S,M,G,Y,-,-,-,-,"- ",,,N,-,0,0,E,,FORD,A,07,,O,,-,-,2022
81934671,2,2,N,F,46,A,-,E,-,-,O,-,-,-,-,"- ",,,N,-,0,1,B,,-,N,60,,O,,-,-,2022
81961376,1,2,Y,M,50,A,-,N,-,-,O,-,3,-,-,"- ",,,N,-,0,1,B,,-,N,60,,O,,-,-,2022
81961376,2,1,N,M,60,A,-,N,M,G,Y,-,3,-,-,"- ",,,N,-,0,0,B,2022,"USPS DELIVERY TRUCK",M,96,,A,,-,-,2022
81965072,1,1,Y,M,46,A,-,N,M,C,Y,-,3,-,-,"- ",,,N,-,0,0,B,2021,DODGE,A,07,,O,,-,-,2022
81965072,2,4,N,F,20,A,-,N,-,-,O,-,3,-,-,"- ",,,N,-,0,1,B,,-,L,04,,O,,-,-,2022
81981390,1,4,Y,F,38,A,-,N,-,-,O,-,-,-,-,"- ",,,N,-,0,0,B,,BICYCLE,L,04,,O,,-,-,2023
81981390,2,2,N,M,68,A,-,N,-,-,O,-,-,-,-,"- ",,,N,-,0,1,B,,-,N,60,,O,,-,-,2023
81983617,1,1,Y,-,998,G,G,W,-,-,Y,-,3,-,-,"- ",,,N,-,0,0,B,,-,A,01,,,,-,-,2022
81983617,2,2,N,M,59,G,G,S,-,-,O,-,3,-,-,"- ",,,N,-,0,1,R,,-,N,60,,O,,-,-,2022
81983619,1,1,Y,F,32,A,-,S,M,G,Y,-,-,-,-,"- ",,,N,-,0,0,E,2013,HYUNDAI,A,01,,O,,-,-,2023
81983619,2,2,N,M,44,A,-,E,-,-,O,-,-,-,-,"- ",,,N,-,0,1,B,,-,N,60,,O,,-,-,2023
81995670,1,1,Y,M,998,G,G,N,-,-,N,-,-,-,-,"- ",,,-,-,0,0,D,,HONDA,A,01,,O,,-,-,2023
81995670,2,4,N,M,14,A,-,W,-,-,O,-,3,-,-,"- ",,,-,-,0,1,B,,"CS BIKE",L,04,,O,,-,-,2023
81996627,1,1,Y,F,37,H,H,S,M,G,Y,-,3,-,-,"- ",,,N,-,0,0,E,2016,HYUNDAI,A,01,,O,,-,-,2023
81996627,2,2,N,F,22,H,H,E,-,-,O,-,3,-,-,"- ",,,N,-,0,1,B,,-,N,60,,O,,-,-,2023
81997862,1,1,N,-,998,G,G,S,-,-,N,-,-,-,-,"- ",,,A,-,0,0,B,,-,A,01,,,,-,-,2023
81997862,2,2,N,M,53,G,G,S,-,-,O,-,-,-,-,"- ",,,M,-,0,1,R,,-,N,60,,O,,-,-,2023
82003337,1,4,Y,M,19,A,-,W,-,P,O,-,-,-,-,"- ",,,N,-,0,1,B,,-,L,04,,O,,-,-,2023
82003337,2,1,N,M,19,A,-,N,M,G,Y,-,-,-,-,"- ",,,N,-,0,0,B,1995,ACURA,A,01,,O,,-,-,2023
82003338,1,1,N,M,46,-,-,S,M,G,Y,-,-,-,-,"- ",,,-,-,0,0,B,2008,NISSAN,D,22,,O,,-,-,2023
82003338,2,4,Y,M,998,-,-,E,-,-,O,-,-,-,-,"- ",,,-,-,0,1,B,,-,L,04,,O,,-,-,2023
82005684,1,4,Y,M,25,A,-,S,-,V,O,-,3,-,-,"- ",,,A,N,0,1,B,,TREK,L,04,,O,,-,-,2023
82005684,2,1,N,F,30,A,-,N,M,G,Y,-,3,-,-,"- ",,,A,N,0,0,D,2013,INFINITI,A,07,,O,,-,-,2023
82014371,1,1,N,M,73,A,-,W,M,-,Y,-,1,-,-,"- ",,,-,-,0,0,M,2016,JEEP,A,01,,O,,-,-,2023
82014371,2,4,Y,M,42,A,-,S,-,-,O,-,1,-,-,"- ",,,-,-,0,1,B,,BICYCLE,L,04,,O,,-,-,2023
82014372,1,1,Y,M,998,G,G,-,-,-,N,-,-,-,-,"- ",,,N,-,0,0,-,,HONDA,A,01,,O,,-,-,2023
82014372,2,2,N,F,15,H,H,W,-,-,O,-,-,-,-,"- ",,,N,-,0,1,R,,-,N,60,,O,,-,-,2023
82019030,1,1,Y,F,33,H,H,S,M,C,Y,-,3,-,-,"- ",,,N,-,0,0,D,2016,FRHT,I,11,,O,,-,-,2023
82019030,2,4,N,M,18,H,H,E,-,-,O,-,3,-,-,"- ",,,N,-,0,1,B,,RHINO,L,04,,O,,-,-,2023
82019035,1,4,N,M,40,G,G,E,-,P,O,-,3,-,-,"- ",,,N,-,0,1,Q,,-,L,04,,O,,-,-,2023
82019035,2,1,N,M,40,A,-,W,M,C,Y,-,3,-,-,"- ",,,N,-,0,0,B,2000,NISSAN,A,01,,O,,-,-,2023
82020221,1,2,Y,F,40,G,G,W,-,-,O,-,3,-,-,"- ",,,N,-,0,1,B,,-,N,60,,O,,-,-,2023
82020221,2,1,N,M,48,G,G,N,M,G,Y,-,3,-,-,"- ",,,N,-,0,0,B,2013,TOYOTA,A,01,,A,,-,-,2023
8203154,1,2,Y,F,29,A,-,N,-,-,O,-,3,-,,38,22502,A,A,N,0,1,L,,-,N,60,,B,,-,-,2016
8203154,2,1,N,F,79,A,-,E,M,G,Y,-,3,-,-,"- ",,,N,-,0,0,B,2012,HONDA,A,01,,B,,-,-,2016
82036074,1,1,Y,-,998,G,G,S,-,-,N,-,-,-,-,"- ",,,F,-,0,0,B,,UNKNOWN,-,99,,,-,-,-,2023
82036074,2,2,N,F,67,A,-,N,-,-,O,-,3,-,-,"- ",,,F,-,0,1,R,,-,N,60,,O,-,-,-,2023
82039096,1,2,Y,M,54,D,-,S,-,-,O,-,3,-,-,"- ",,,N,-,0,1,A,,-,N,60,,O,,-,-,2023
82039096,2,1,N,M,22,A,-,W,M,G,Y,-,3,-,-,"- ",,,N,-,0,0,A,2018,CHEVROLET,A,01,,O,,-,-,2023
82039990,1,1,N,M,57,A,-,E,M,G,Y,-,-,-,-,"- ",,,E,-,0,0,B,2015,KIA,A,01,,O,,-,-,2023
82039990,2,2,N,M,35,A,-,S,-,-,O,-,-,-,-,"- ",,,N,-,0,1,R,,-,N,60,,O,,-,-,2023
82043811,1,4,Y,M,12,A,-,S,-,-,O,-,3,-,-,"- ",,,A,N,0,1,B,,-,L,04,,O,,-,-,2023
82043811,2,1,N,M,64,A,-,W,M,G,Y,-,3,-,-,"- ",,,N,-,0,0,B,2018,JEEP,A,01,,O,,-,-,2023
82046135,1,1,Y,-,998,G,G,E,-,-,N,-,-,-,-,"- ",,,A,N,0,0,E,,-,A,01,,,,-,-,2023
82046135,2,2,N,M,67,A,-,N,-,-,O,-,-,-,-,"- ",,,N,-,0,1,B,,-,N,60,,O,,-,-,2023
82052211,1,1,Y,F,998,G,G,W,-,-,N,-,-,-,-,"- ",,,N,-,0,0,E,,-,A,01,,O,,-,-,2023
82052211,2,2,N,M,61,H,H,S,-,-,O,-,3,-,-,"- ",,,N,-,0,1,B,,-,N,60,,O,,-,-,2023
82057149,1,1,Y,M,61,G,G,W,M,-,Y,-,2,-,-,"- ",,,N,-,0,0,M,2018,JEEP,A,01,,O,,-,-,2023
82057149,2,2,N,M,31,A,-,W,-,-,O,-,3,-,-,"- ",,,N,-,0,1,A,,-,N,60,,O,,-,-,2023
82068324,1,4,Y,M,29,H,H,S,-,-,O,-,3,-,-,"- ",,,E,-,0,1,B,,UNKNOWN,L,04,,O,,-,-,2023
82068324,2,1,N,F,33,H,H,E,M,C,N,-,3,-,-,"- ",,,N,-,0,0,B,2016,HONDA,A,01,,O,,-,-,2023
82156505,1,2,N,M,19,A,-,S,-,-,O,-,-,-,-,"- ",,,N,-,0,1,B,,-,N,60,,O,,-,-,2023
82156505,2,1,N,M,26,A,-,S,M,C,Y,-,-,-,-,"- ",,,N,-,0,0,B,2019,HONDA,A,01,,O,,-,-,2023
82156536,1,1,Y,M,23,A,-,E,M,G,Y,-,-,-,-,"- ",,,E,-,0,0,E,1998,CADILLAC,A,01,,O,,-,-,2023
82156536,2,2,N,F,72,G,G,S,-,-,O,-,-,-,-,"- ",,,N,-,0,1,-,,-,N,60,,O,,-,-,2023
82156549,1,4,Y,M,33,A,-,E,-,-,O,-,-,-,-,"- ",,,F,-,0,1,B,,-,L,04,,O,-,-,-,2023
82156549,2,1,N,M,37,A,-,N,M,G,Y,-,-,-,-,"- ",,,N,-,0,0,B,2018,NISSAN,A,01,,O,,-,-,2023
82156557,1,1,Y,M,998,G,G,S,-,-,N,-,3,-,-,"- ",,,N,-,0,0,G,2012,HONDA,A,01,,O,,-,-,2023
82156557,2,2,N,M,53,H,H,-,-,-,O,-,3,-,-,"- ",,,N,-,0,1,R,,-,N,60,,O,,-,-,2023
82156591,1,1,Y,M,43,A,-,W,M,G,Y,-,3,-,-,"- ",,,N,-,0,0,E,2022,TOYOTA,D,22,,O,,-,-,2023
82156591,2,4,N,M,61,A,-,E,-,-,O,-,3,-,-,"- ",,,N,-,0,1,B,,RALEIGH,L,04,,O,,-,-,2023
82156622,1,1,Y,M,998,G,G,S,-,-,N,-,-,-,-,"- ",,,A,-,0,0,B,2011,BMW,A,01,,O,,-,-,2023
82156622,2,2,N,M,22,C,-,E,-,-,O,-,-,-,-,"- ",,,N,-,0,1,B,,-,N,60,,O,,-,-,2023
82156692,1,4,Y,M,60,A,-,N,-,-,O,-,3,-,-,"- ",,,N,-,1,0,B,,-,L,04,,O,,-,-,2023
82156692,2,1,N,M,60,A,-,E,-,C,Y,-,-,-,-,"- ",,,N,-,0,0,B,2007,HONDA,A,01,,O,,-,-,2023
82156698,1,1,Y,F,22,A,-,E,M,G,Y,-,-,-,-,"- ",,,N,-,0,0,E,2001,MITSUBISHI,A,01,,O,,-,-,2023
82156698,2,2,N,F,49,A,-,N,-,-,O,-,-,-,-,"- ",,,N,-,0,1,R,,-,N,60,,O,,-,-,2023
82156701,1,1,Y,F,38,A,-,E,M,G,Y,-,3,-,-,"- ",,,N,-,0,0,D,2012,TOYOTA,A,01,,O,,-,-,2023
82156701,2,2,N,F,67,A,-,N,-,-,O,-,3,-,-,"- ",,,N,-,0,1,R,,-,N,60,,O,,-,-,2023
82156705,1,1,Y,F,17,H,H,S,L,C,Y,-,3,-,-,"- ",,,N,-,0,0,B,1999,TOYOTA,A,07,,O,,-,-,2023
82156705,2,4,N,F,38,H,H,E,-,-,O,-,3,-,-,"- ",,,N,-,0,1,B,,-,L,04,,O,,-,-,2023
82156730,1,2,Y,F,61,B,-,E,-,-,O,-,3,-,-,"- ",,,N,-,0,1,R,,-,N,60,,O,,-,-,2023
82156730,2,1,N,M,43,A,-,N,-,E,N,-,3,-,-,"- ",,,N,-,0,0,B,2021,TOYOTA,A,01,,O,,-,-,2023
8284018,1,1,Y,M,53,A,-,S,M,G,N,-,3,-,-,"- ",,,N,-,0,0,B,1994,HONDA,A,01,,B,,-,-,2016
8284018,2,2,N,M,54,G,G,W,-,-,O,-,3,-,,25,22350,,A,-,0,1,L,,-,N,60,,H,,-,-,2016
8284042,1,1,Y,-,998,G,G,W,M,B,,-,-,-,-,"- ",,,N,-,0,0,E,,-,A,01,,,,-,-,2016
8284042,2,4,N,M,42,A,-,W,-,-,O,-,-,-,-,"- ",,,N,-,0,1,B,,-,L,04,,W,,-,-,2016
8284046,1,1,Y,M,76,A,-,S,M,G,Y,-,3,-,-,"- ",,,N,-,0,0,B,2016,AUDI,A,07,,W,,-,-,2016
8284046,2,2,N,M,60,-,E,E,-,-,O,-,3,-,-,"- ",,,N,-,0,1,L,,-,N,60,,W,,-,-,2016
8284054,1,1,Y,-,998,G,G,E,-,-,,-,3,-,-,"- ",,,N,-,0,0,D,,FORD,A,01,,,,-,-,2016
8284054,2,2,N,F,74,A,-,N,-,-,O,-,3,-,-,"- ",,,N,-,0,1,B,,-,N,60,,A,,-,-,2016
8284588,1,1,Y,M,34,A,-,E,M,G,,-,3,-,-,"- ",,,E,N,0,0,B,2000,HONDA,-,,,B,,-,-,2016
8284588,2,2,N,F,29,A,-,S,-,-,O,-,3,-,-,"- ",,,N,-,0,1,B,,-,N,60,,B,,-,-,2016
8284628,1,4,N,M,16,A,-,N,-,-,O,-,3,-,,39,21201,D,A,N,0,1,L,,-,L,04,,H,,-,-,2016
8284628,2,1,N,F,73,A,-,W,M,G,Y,-,3,-,-,"- ",,,N,-,0,0,E,2005,TOYOTA,A,01,,W,,-,-,2016
8286967,1,1,Y,M,59,A,-,E,M,G,Y,-,3,-,-,"- ",,,N,-,0,0,B,2002,BUICK,A,01,,W,,-,-,2016
8286967,2,2,N,F,16,A,-,N,-,-,O,-,3,-,-,"- ",,,N,-,0,1,R,,-,N,60,,H,,-,-,2016
8286976,1,1,N,M,55,A,-,N,M,G,Y,-,-,-,-,"- ",,,-,-,0,0,A,1996,DODGE,-,,,H,,-,-,2016
8286976,2,2,N,M,31,D,-,E,-,-,O,-,-,-,-,"- ",,,-,-,0,1,A,,-,N,60,,H,,-,-,2016
8286986,1,1,Y,F,30,H,H,W,M,G,N,-,-,-,-,"- ",,,N,-,0,0,B,1998,VOLVO,A,01,,W,,-,-,2016
8286986,2,2,N,F,8,H,H,N,-,-,O,-,-,-,,35,21954,A,A,-,0,1,R,,-,N,60,,W,,-,-,2016
8295572,1,2,Y,F,53,A,-,E,-,-,O,-,3,-,-,"- ",,,F,-,0,1,B,,-,N,60,,B,-,-,-,2016
8295572,2,1,N,M,29,A,-,S,M,G,Y,-,3,-,-,"- ",,,N,-,0,0,B,2006,FORD,A,01,,H,,-,-,2016
8300051,1,1,N,F,59,A,-,E,M,G,,-,3,-,-,"- ",,,N,-,0,0,B,2014,KIA,A,01,,B,,-,-,2016
8300051,2,2,N,M,55,B,-,S,-,-,O,-,3,-,-,"- ",,,N,-,0,1,B,,-,N,60,,B,,-,-,2016
8316480,1,1,Y,M,46,A,-,S,M,G,Y,-,3,-,-,"- ",,,E,-,0,0,E,2007,NISSAN,A,01,,W,,-,-,2016
8316480,2,2,N,F,32,A,-,N,-,-,O,-,3,-,-,"- ",,,N,-,0,1,B,,-,N,60,,O,,-,-,2016
8316481,1,1,Y,M,998,G,G,W,-,-,,-,3,-,-,"- ",,,N,-,0,0,N,,HONDA,A,01,,,,-,-,2016
8316481,2,4,N,F,43,G,G,E,-,-,O,-,3,-,-,"- ",,,N,-,0,1,B,,-,L,04,,O,,-,-,2016
8322530,1,4,Y,M,23,A,-,S,-,-,O,-,1,-,-,"- ",,,N,-,0,1,L,,-,L,04,,B,,-,-,2016
8322530,2,1,N,F,63,A,-,W,M,G,Y,-,1,-,-,"- ",,,N,-,0,0,B,2013,NISSAN,A,01,,B,,-,-,2016
8322538,1,4,Y,F,48,A,-,S,-,-,O,-,3,-,-,"- ",,,N,-,0,1,N,,-,L,04,,W,,-,-,2016
8322538,2,1,N,M,61,A,-,E,M,G,Y,-,3,-,-,"- ",,,N,-,0,0,B,2002,INFINITI,A,01,,A,,-,-,2016
8324160,1,1,Y,M,32,A,-,S,M,G,Y,-,3,-,-,"- ",,,F,-,0,0,D,2004,HONDA,A,07,,H,K,-,-,2016
8324160,2,2,N,F,84,G,G,S,-,-,O,-,3,-,-,"- ",,,N,-,0,1,L,,-,N,60,,H,,-,-,2016
8326190,1,4,Y,M,27,A,-,W,-,-,O,-,-,-,-,"- ",,,N,-,0,1,B,,-,L,04,,B,,-,-,2017
8326190,2,1,N,M,25,A,-,N,M,G,Y,-,-,-,-,"- ",,,N,-,0,0,A,2012,TOYOTA,-,,,H,,-,-,2017
8331872,1,2,Y,F,67,-,-,N,-,-,O,-,-,-,-,"- ",,,-,-,0,1,B,,-,N,60,,B,,-,-,2017
8331872,2,1,N,M,61,-,-,W,M,G,Y,-,-,-,-,"- ",,,-,-,0,0,B,2007,BMW,-,,,W,,-,-,2017
8334769,1,1,Y,-,998,-,-,N,-,-,,-,-,-,-,"- ",,,F,-,0,0,B,1999,NISSAN,-,,,,-,-,-,2017
8334769,2,2,N,M,55,-,-,E,-,-,O,-,-,-,-,"- ",,,N,-,0,1,R,,-,N,60,,B,,-,-,2017
8334773,1,2,Y,F,58,A,-,N,-,-,O,-,-,-,-,"- ",,,N,-,0,1,B,,-,N,60,,B,,-,-,2017
8334773,2,1,N,F,58,G,G,N,B,-,,-,-,-,-,"- ",,,N,-,0,0,B,,-,-,,,B,,-,-,2017
8334778,1,1,Y,-,998,G,G,N,-,-,,-,-,-,,19,20001,,A,-,0,0,B,,-,-,,,,,-,-,2017
8334778,2,2,N,M,32,H,H,S,-,-,O,-,3,-,-,"- ",,,N,-,0,1,R,,-,N,60,,B,,-,-,2017
8334786,1,1,Y,M,30,H,H,W,M,G,,-,-,-,-,"- ",,,-,-,0,0,B,2013,HONDA,A,01,,B,,-,-,2017
8334786,2,2,N,F,54,H,H,N,-,-,O,-,-,-,-,"- ",,,-,-,0,1,B,,-,N,60,,W,,-,-,2017
8334794,1,1,Y,F,39,A,-,S,M,G,Y,-,3,-,-,"- ",,,N,-,0,0,E,2000,HONDA,A,08,,H,,-,-,2017
8334794,2,2,N,F,37,A,-,S,-,-,O,-,3,-,-,"- ",,,N,-,0,1,B,,-,N,60,,B,,-,-,2017
8334798,1,1,Y,F,51,A,-,W,M,G,N,-,3,-,-,"- ",,,-,-,0,0,E,2001,CHEVROLET,A,07,,B,,-,-,2017
8334798,2,4,N,M,39,G,G,S,-,-,O,-,3,-,,40,21201,A,A,-,0,1,B,,-,L,04,,A,,-,-,2017
8337831,1,1,Y,M,998,G,G,W,-,-,,-,3,-,-,"- ",,,N,-,0,0,F,,FORD,D,22,,O,,-,-,2017
8337831,2,2,N,M,57,A,-,W,-,-,O,-,3,-,-,"- ",,,N,-,0,1,A,,-,N,60,,H,,-,-,2017
8337835,1,2,Y,M,24,-,,S,-,-,O,-,-,-,-,"- ",,,-,-,0,1,-,,-,N,60,,B,,-,-,2017
8337835,2,1,N,M,35,-,,W,M,G,Y,-,-,-,-,"- ",,,-,-,0,0,-,2004,TOYOTA,D,22,,H,,-,-,2017
8343475,1,2,Y,F,54,B,-,S,-,-,O,-,3,-,-,"- ",,,N,-,0,1,L,,-,N,60,,B,,-,-,2017
8343475,2,1,N,M,29,A,-,W,M,G,Y,-,-,-,-,"- ",,,N,-,0,0,B,2015,VOLKSWAGEN,A,01,,B,,-,-,2017
8344301,1,1,Y,-,998,G,G,S,-,-,,-,3,-,-,"- ",,,N,-,0,0,B,,-,A,01,,,,-,-,2017
8344301,2,4,N,F,49,A,-,S,-,-,O,-,3,-,-,"- ",,,N,-,0,1,B,,-,L,04,,W,,-,-,2017
8357641,1,4,Y,M,21,G,G,E,-,-,O,-,3,-,,24,22450,A,A,-,0,1,B,,-,L,04,,W,,-,-,2017
8357641,2,1,N,M,57,A,-,W,M,C,Y,-,3,-,-,"- ",,,N,-,0,0,D,2015,KENWORTH,F,24,,H,,-,-,2017
8358904,1,1,Y,M,998,G,G,S,-,-,,-,-,-,-,"- ",,,N,-,0,0,B,,-,A,01,,H,,-,-,2017
8358904,2,2,N,F,75,-,-,-,-,-,O,-,-,-,-,"- ",,,N,-,0,1,L,,-,N,60,,O,,-,-,2017
8362595,1,2,Y,M,24,H,H,E,-,-,O,-,3,-,-,"- ",,,N,-,0,1,B,,-,N,60,,W,,-,-,2017
8362595,2,1,N,F,68,H,H,S,M,G,Y,-,3,-,-,"- ",,,N,-,0,0,E,2010,HYUNDAI,A,01,,O,,-,-,2017
8363046,1,1,Y,F,998,G,G,-,-,-,,-,3,-,-,"- ",,,F,-,0,0,G,,TOYOTA,-,,,W,K,-,-,2017
8363046,2,2,N,F,54,G,G,-,-,-,O,-,3,-,-,"- ",,,-,-,0,1,R,,-,N,60,,W,,-,-,2017
8369193,1,4,Y,M,35,A,-,N,-,-,O,-,3,-,,27,21202,A,A,-,0,1,B,,-,L,04,,B,,-,-,2017
8369193,2,1,N,F,55,A,-,E,M,G,,-,3,-,-,"- ",,,N,-,0,0,B,2005,CHRYSLER,A,01,,,,-,-,2017
8369368,1,2,Y,F,77,G,G,E,-,-,O,-,3,-,-,"- ",,,N,-,0,1,L,,-,N,60,,H,,-,-,2016
8369368,2,1,N,M,998,G,G,S,-,B,,-,3,-,-,"- ",,,N,-,0,0,B,,HONDA,A,01,,B,,-,-,2016
8369527,1,2,Y,M,27,A,-,S,-,-,O,-,3,-,-,"- ",,,N,-,0,1,L,,-,N,60,,H,,-,-,2016
8369527,2,1,N,M,68,A,-,E,M,G,Y,-,3,-,-,"- ",,,N,-,0,0,E,2011,HYUNDAI,A,01,,B,,-,-,2016
8384286,1,4,Y,M,18,A,-,E,-,-,O,-,3,-,,27,21650,1,A,-,0,1,B,,-,L,04,,H,,-,-,2017
8384286,2,1,N,M,51,A,-,S,M,G,Y,-,3,-,-,"- ",,,N,-,0,0,B,2004,NISSAN,D,22,,H,,-,-,2017
8384290,1,2,Y,M,31,B,-,W,-,-,O,-,3,-,-,"- ",,,N,-,0,1,L,,-,N,60,,H,,-,-,2017
8384290,2,1,N,M,53,A,-,S,M,G,Y,-,3,-,-,"- ",,,N,-,0,0,B,2004,TOYOTA,D,22,,H,,-,-,2017
8384780,1,4,Y,M,29,B,-,W,P,-,O,-,3,-,,23,22451,B,A,F,0,1,R,,-,L,04,,H,C,-,-,2017
8384780,2,5,N,-,998,A,-,S,-,-,O,-,3,-,-,"- ",,,N,-,0,0,B,,-,-,,,,,-,-,2017
8384896,1,1,Y,-,998,G,G,N,B,-,N,-,3,-,-,"- ",,,N,-,0,0,E,,-,-,99,,,,-,-,2017
8384896,2,2,N,M,17,A,-,W,-,-,O,-,3,-,-,"- ",,,N,-,0,1,L,,-,N,60,,H,,-,-,2017
8385369,1,2,Y,F,25,A,-,N,-,-,O,-,3,-,-,"- ",,,F,-,0,1,R,,-,N,60,,B,-,-,-,2017
8385369,2,1,N,M,36,A,-,W,M,C,Y,-,3,-,-,"- ",,,N,-,0,0,B,1999,BMW,-,,,H,,-,-,2017
8391572,1,1,Y,M,22,H,H,N,M,G,Y,-,3,-,-,"- ",,,F,-,0,0,G,2011,HONDA,A,01,,O,K,-,-,2017
8391572,2,2,N,M,48,H,H,N,-,-,O,-,3,-,-,"- ",,,N,-,0,1,R,,-,N,60,,W,,-,-,2017
8394684,1,1,Y,F,44,H,H,S,M,G,Y,-,3,-,,34,21950,A,A,-,0,0,B,2002,CADILLAC,A,07,,H,,-,-,2017
8394684,2,2,N,M,7,-,,E,-,-,O,-,-,-,-,"- ",,,-,-,0,1,-,,-,N,60,,H,,-,-,2017
8410851,1,4,Y,M,21,A,-,S,-,-,O,-,3,-,-,"- ",,,N,-,0,1,B,,-,L,04,,W,,-,-,2017
8410851,2,1,N,M,56,A,-,N,M,G,Y,-,3,-,-,"- ",,,N,-,0,0,D,1996,LEXUS,A,01,,H,,-,-,2017
8413593,1,2,Y,F,4,A,-,-,-,-,O,-,3,-,-,"- ",,,N,-,0,1,R,,-,N,60,,H,,-,-,2017
8413593,2,1,N,M,29,A,-,N,M,C,Y,-,3,-,-,"- ",,,N,-,0,0,B,2011,TOYOTA,A,01,,O,,-,-,2017
8416516,1,4,Y,M,22,A,-,W,-,-,O,-,3,-,-,"- ",,,N,-,0,1,B,,-,L,04,,H,,-,-,2017
8416516,2,1,N,F,65,A,-,W,M,G,Y,-,3,-,-,"- ",,,N,-,0,0,B,2016,KIA,A,01,,B,,-,-,2017
8417057,1,2,Y,M,65,A,-,S,-,-,O,-,3,-,-,"- ",,,N,-,0,1,B,,-,N,60,,W,,-,-,2017
8417057,2,1,N,M,30,A,-,W,M,G,Y,-,2,-,-,"- ",,,N,-,0,0,E,2017,GMC,A,01,,H,,-,-,2017
8426336,1,1,Y,M,998,G,G,E,-,-,,-,1,-,-,"- ",,,N,-,0,0,B,,DODGE,A,01,,,,-,-,2017
8426336,2,2,N,M,48,A,-,N,-,-,O,-,3,-,-,"- ",,,N,-,0,1,B,,-,N,60,,B,,-,-,2017
8441694,1,4,Y,M,25,A,-,N,-,-,O,-,3,-,-,"- ",,,N,-,0,1,B,,-,L,04,,O,,-,-,2017
8441694,2,1,N,M,69,A,-,W,M,G,Y,-,3,-,-,"- ",,,N,-,0,0,E,2004,TOYOTA,D,22,,O,,-,-,2017
8445298,1,4,Y,M,10,A,-,W,-,-,O,-,3,-,-,"- ",,,-,-,0,1,F,,-,L,04,,B,,-,-,2017
8445298,2,1,N,F,44,A,-,W,M,G,Y,-,3,-,-,"- ",,,N,-,0,0,B,2005,FORD,A,01,,W,,-,-,2017
8445520,1,1,Y,M,998,G,G,S,-,-,,-,-,-,-,"- ",,,O,-,0,0,B,,CHEVROLET,-,,,B,,-,-,2017
8445520,2,2,N,F,45,H,H,-,-,-,O,-,-,-,-,"- ",,,M,-,0,1,R,,-,N,60,,H,,-,-,2017
8445520,3,2,N,F,15,H,H,-,-,-,O,-,-,-,-,"- ",,,M,-,0,1,R,,-,N,60,,H,,-,-,2017
8465283,1,1,Y,F,49,-,E,E,M,B,Y,-,3,-,,25,22350,,A,F,0,0,B,1999,ACURA,A,01,,W,H,-,-,2017
8465283,2,2,N,M,68,G,G,N,-,-,O,-,3,-,-,"- ",,,N,-,1,0,B,,-,N,60,,H,,-,-,2017
8465416,1,2,Y,M,65,A,-,N,-,-,O,-,3,-,-,"- ",,,N,-,1,0,-,,-,N,60,,A,,-,-,2017
8465416,2,1,N,M,50,A,E,N,M,G,N,-,3,-,-,"- ",,,N,-,0,0,B,2016,HYUNDAI,A,01,,H,,-,-,2017
8465416,3,3,N,-,998,H,H,-,-,-,O,-,-,-,-,"- ",,,N,-,0,0,O,2017,TOYOTA,D,22,,,,-,-,2017
8465458,1,1,N,-,998,G,G,E,-,-,,-,-,-,-,"- ",,,N,-,0,0,B,,-,-,99,,,,-,-,2017
8465458,2,2,N,M,65,B,-,E,-,-,O,-,-,-,-,"- ",,,M,-,1,0,R,,-,N,60,,B,,-,-,2017
8465555,1,2,Y,M,19,-,E,E,-,-,O,-,3,-,-,"- ",,,N,-,1,0,-,,-,N,60,,B,,-,-,2018
8465555,2,1,N,M,21,A,-,S,L,G,Y,-,3,-,-,"- ",,,N,-,0,0,B,2012,NISSAN,A,01,,W,,-,-,2018
8465858,1,1,Y,F,31,-,E,E,M,G,,-,3,-,,34,21954,B,A,M,0,0,B,2001,MERCEDES-BENZ,A,07,,B,,-,-,2018
8465858,2,2,N,M,1,A,-,-,-,-,O,-,-,-,-,"- ",,,-,-,1,0,-,,-,N,60,,B,,-,-,2018
8465860,1,2,Y,M,19,-,E,E,-,-,O,-,3,-,-,"- ",,,N,-,1,0,-,,-,N,60,,B,,-,-,2018
8465860,2,1,N,M,21,A,-,S,L,G,Y,-,3,-,-,"- ",,,N,-,0,0,B,2012,NISSAN,A,01,,W,,-,-,2018
8478081,1,2,Y,M,3,A,-,S,-,-,O,-,3,-,-,"- ",,,N,-,0,1,R,,-,N,60,,H,,-,-,2017
8478081,2,1,N,F,19,A,-,-,M,G,Y,-,1,-,-,"- ",,,F,-,0,0,B,2009,SMART,A,01,,H,A,-,-,2017
8478081,3,3,N,-,998,H,H,-,-,-,O,-,-,-,-,"- ",,,-,-,0,0,-,2016,NISSAN,A,07,,,,-,-,2017
8478081,4,3,N,-,998,H,H,-,-,-,O,-,-,-,-,"- ",,,-,-,0,0,O,2000,HONDA,A,08,,,,-,-,2017
8482089,1,1,Y,F,37,A,-,S,M,G,Y,-,3,-,-,"- ",,,N,-,0,0,E,2007,GMC,A,07,,H,,-,-,2017
8482089,2,2,N,F,42,A,-,S,-,-,O,-,3,-,-,"- ",,,N,-,0,1,R,,-,N,60,,B,,-,-,2017
8483644,1,1,Y,F,22,A,-,W,M,G,Y,-,3,-,-,"- ",,,N,-,0,0,D,2006,CHEVROLET,A,01,,B,,-,-,2017
8483644,2,4,N,M,55,C,-,N,P,V,O,-,3,-,,39,21201,D,A,-,0,1,B,,-,L,04,,B,,-,-,2017
8501210,1,1,Y,-,998,-,-,E,-,-,,-,3,-,-,"- ",,,N,-,0,0,B,2000,TOYOTA,A,08,,,,-,-,2017
8501210,2,4,N,M,56,-,-,S,-,-,O,-,3,-,-,"- ",,,N,-,0,1,B,,-,L,04,,W,,-,-,2017
8502466,1,2,Y,M,56,G,G,S,-,-,O,-,-,-,-,"- ",,,F,-,0,1,L,,-,N,60,,W,-,-,-,2017
8502466,2,1,N,M,56,A,-,E,M,C,Y,-,-,-,-,"- ",,,E,-,0,0,H,2001,CHEVROLET,-,,,H,,-,-,2017
8502466,3,5,N,-,998,-,-,W,-,-,O,-,-,-,-,"- ",,,M,-,0,0,-,,-,-,,,,,-,-,2017
8505539,1,4,Y,M,23,H,H,N,P,-,O,-,-,-,-,"- ",,,N,-,0,1,B,,-,L,04,,H,,-,-,2017
8505539,2,1,N,F,42,H,H,W,M,G,Y,-,-,-,-,"- ",,,N,-,0,0,B,2012,TOYOTA,A,01,,H,,-,-,2017
8510550,1,1,Y,M,37,H,H,E,M,G,Y,-,-,-,-,"- ",,,E,-,0,0,A,2006,DODGE,-,,,B,,-,-,2017
8510550,2,2,N,F,69,H,H,N,-,-,O,-,-,-,-,"- ",,,-,-,0,1,E,,-,N,60,,H,,-,-,2017
8517841,1,2,Y,F,30,A,-,E,-,-,O,-,3,-,-,"- ",,,N,-,0,1,N,,-,N,60,,B,,-,-,2017
8517841,2,1,N,M,24,A,-,N,M,G,Y,-,3,-,-,"- ",,,N,-,0,0,B,2015,NISSAN,A,01,,B,,-,-,2017
8517849,1,1,Y,M,61,A,-,S,M,C,Y,-,-,-,-,"- ",,,F,-,0,0,D,2016,BMW,-,,,,-,-,-,2017
8517849,2,2,N,F,33,A,-,E,-,-,O,-,-,-,-,"- ",,,N,-,0,1,R,,-,N,60,,H,,-,-,2017
8517849,3,2,N,F,998,-,,-,-,-,O,-,-,-,-,"- ",,,-,-,0,1,-,,-,N,60,,,,-,-,2017
8517857,1,1,Y,F,61,A,-,W,M,G,Y,-,-,-,-,"- ",,,A,K,0,0,B,1998,FORD,-,,,B,,-,-,2017
8517857,2,2,N,F,42,A,-,-,-,-,O,-,-,-,-,"- ",,,A,-,0,1,-,,-,N,60,,B,,-,-,2017
8517932,1,1,Y,M,22,H,H,N,M,G,Y,-,3,-,-,"- ",,,N,-,0,0,G,2006,DODGE,A,08,,B,,-,-,2017
8517932,2,2,N,M,71,H,H,W,-,-,O,-,3,-,-,"- ",,,N,-,0,1,B,,-,N,60,,O,,-,-,2017
8517944,1,1,Y,F,998,G,G,E,-,-,,-,3,-,,19,20001,A,A,N,0,0,E,,TOYOTA,A,01,,H,,-,-,2017
8517944,2,2,N,F,17,H,H,N,-,-,O,-,3,-,-,"- ",,,N,-,0,1,B,,-,N,60,,H,,-,-,2017
8517948,1,4,Y,M,20,C,-,W,-,-,O,-,3,-,-,"- ",,,F,-,0,1,B,,-,L,04,,H,-,-,-,2017
8517948,2,1,N,F,34,C,-,N,M,C,Y,-,3,-,-,"- ",,,N,-,0,0,B,2004,CHRYSLER,A,01,,H,,-,-,2017
8521206,1,2,Y,M,15,A,-,E,-,-,O,-,3,-,-,"- ",,,N,-,0,1,R,,-,N,60,,,,-,-,2017
8521206,2,1,N,F,24,A,-,S,M,G,Y,-,3,-,-,"- ",,,N,-,0,0,B,2001,FORD,-,,,W,,-,-,2017
8526977,1,1,Y,M,50,B,-,E,-,G,N,-,-,-,,20,23152,A,A,M,0,0,-,2002,FORD,-,,,H,,-,-,2017
8526977,2,2,N,M,11,A,-,N,-,-,O,-,-,-,-,"- ",,,N,-,0,1,-,,-,N,60,,B,,-,-,2017
8529625,1,2,Y,M,47,A,-,N,-,-,O,-,3,-,-,"- ",,,N,-,0,1,B,,-,N,60,,H,,-,-,2017
8529625,2,1,N,M,34,A,-,S,M,G,Y,-,3,-,-,"- ",,,N,-,0,0,E,2000,TOYOTA,A,08,,H,,-,-,2017
8549198,1,4,Y,M,30,A,-,S,-,-,O,-,3,-,-,"- ",,,N,-,0,1,B,,-,L,04,,B,,-,-,2017
8549198,2,1,N,F,72,A,-,W,M,G,Y,-,3,-,-,"- ",,,N,-,0,0,B,2015,TOYOTA,A,01,,A,,-,-,2017
8561845,1,5,Y,-,998,D,-,S,-,-,O,-,-,-,-,"- ",,,N,-,0,0,D,1996,CHEVROLET,A,01,,,,-,-,2018
8561845,2,4,N,M,55,A,-,W,-,-,O,-,-,-,-,"- ",,,N,-,0,1,B,,-,L,04,,B,,-,-,2018
8565228,1,2,Y,F,61,A,-,N,-,-,O,-,3,-,-,"- ",,,N,-,0,1,R,,-,N,60,,W,,-,-,2018
8565228,2,1,N,F,55,A,-,W,L,G,Y,-,3,-,-,"- ",,,N,-,0,0,E,2016,TOYOTA,A,01,,B,,-,-,2018
8569286,1,1,Y,F,18,G,G,E,M,G,,-,3,-,-,"- ",,,N,-,0,0,E,2012,FORD,A,01,,B,,-,-,2017
8569286,2,2,N,F,13,A,-,N,-,-,O,-,3,-,-,"- ",,,N,-,0,1,R,,-,N,60,,O,,-,-,2017
8808467,1,2,Y,M,50,B,-,E,-,-,O,-,3,-,-,"- ",,,-,-,1,0,-,,-,N,60,,B,,-,-,2019
8808467,2,1,N,-,998,G,G,-,-,-,,-,-,-,,19,20001,,A,N,0,0,B,,-,D,22,,,,-,-,2019
8828145,1,1,Y,M,23,A,-,N,M,G,Y,-,3,-,-,"- ",,,N,-,0,0,E,2015,FORD,D,22,,O,,-,-,2018
8828145,2,2,N,M,33,A,-,N,-,-,O,-,3,-,-,"- ",,,N,-,0,1,-,,-,N,60,,O,,-,-,2018
8828750,1,2,Y,-,998,A,-,-,-,-,O,-,3,-,-,"- ",,,N,-,0,1,-,,-,N,60,,,,-,-,2018
8828750,2,1,N,F,66,A,-,N,M,G,Y,-,3,-,-,"- ",,,N,-,0,0,B,2006,HONDA,A,01,,O,,-,-,2018
8828903,1,1,Y,M,998,G,G,N,-,-,,-,-,-,,19,20001,,A,-,0,0,B,,BMW,A,01,,B,,-,-,2018
8828903,2,2,N,M,17,A,-,W,-,-,O,-,-,-,-,"- ",,,N,-,0,1,-,,-,N,60,,H,,-,-,2018
8828907,1,1,Y,F,22,D,-,W,N,B,N,-,-,-,-,"- ",,,N,-,0,0,E,1999,TOYOTA,A,01,,B,,-,-,2018
8828907,2,2,N,M,67,B,-,S,-,-,O,-,3,-,-,"- ",,,N,-,0,1,-,,-,N,60,,B,,-,-,2018
8829106,1,1,Y,-,998,G,G,S,-,-,,-,-,-,-,"- ",,,N,-,0,0,D,2015,NISSAN,-,,,,,-,-,2018
8829106,2,2,N,M,44,H,H,N,-,-,O,-,-,-,-,"- ",,,N,-,0,1,-,,-,N,60,,B,,-,-,2018
8829110,1,2,Y,M,21,A,-,W,-,-,O,-,-,-,-,"- ",,,N,-,0,1,-,,-,N,60,,B,,-,-,2018
8829110,2,1,N,F,30,A,-,S,L,B,,-,-,-,-,"- ",,,N,-,0,1,B,2014,HONDA,A,01,,B,,-,-,2018
8829114,1,2,N,F,41,H,H,W,-,-,O,-,3,-,-,"- ",,,N,-,0,1,-,,-,N,60,,H,,-,-,2018
8829114,2,1,Y,M,17,H,H,N,M,G,Y,-,3,-,-,"- ",,,N,-,0,0,E,2008,BMW,A,01,,B,,-,-,2018
8831858,1,1,Y,M,35,A,-,W,M,G,Y,-,-,-,-,"- ",,,N,-,0,0,B,2001,NISSAN,-,,,H,,-,-,2018
8831858,2,2,N,M,42,A,-,S,-,-,O,-,-,-,-,"- ",,,N,-,0,1,-,,-,N,60,,B,,-,-,2018
8831860,1,1,Y,M,998,G,G,W,-,-,N,-,3,-,-,"- ",,,N,-,0,0,B,2014,CHEVROLET,-,,,H,,-,-,2018
8831860,2,2,N,M,67,G,G,-,-,-,O,-,3,-,-,"- ",,,N,-,0,1,-,,-,N,60,,W,,-,-,2018
8833618,1,1,Y,M,54,C,-,S,M,G,N,-,3,-,-,"- ",,,N,-,0,0,E,1998,CHEVROLET,A,01,,,,-,-,2018
8833618,2,4,N,M,29,D,-,E,-,-,O,-,3,-,,39,21201,D,A,-,0,1,B,,-,L,04,,H,,-,-,2018
8833634,1,1,Y,-,998,G,G,N,-,-,,-,-,-,,19,20001,,A,N,0,0,B,,-,C,02,,,,-,-,2018
8833634,2,4,N,M,53,G,G,S,-,-,O,-,-,-,-,"- ",,,N,-,0,1,B,,-,L,04,,H,,-,-,2018
8833646,1,1,Y,-,998,G,G,S,-,-,,-,3,-,-,"- ",,,N,-,0,0,B,,-,C,02,,,,-,-,2018
8833646,2,4,N,M,53,A,-,N,-,-,O,-,3,-,-,"- ",,,N,-,0,1,B,,-,L,04,,H,,-,-,2018
8833671,1,1,Y,F,998,G,G,S,B,-,,-,-,-,-,"- ",,,N,-,0,0,B,,-,A,01,,B,,-,-,2018
8833671,2,2,N,F,998,G,G,S,-,-,O,-,3,-,-,"- ",,,N,-,0,1,-,,-,N,60,,,,-,-,2018
8833679,1,1,Y,F,39,H,H,N,-,-,,-,-,-,-,"- ",,,N,-,0,1,B,2016,HYUNDAI,A,01,,W,,-,-,2018
8833679,2,2,N,F,52,H,H,E,-,-,O,-,-,-,-,"- ",,,N,-,0,0,-,,-,N,60,,B,,-,-,2018
8837769,1,2,Y,M,14,G,G,N,-,-,O,-,-,-,-,"- ",,,M,-,0,1,-,,-,N,60,,B,,-,-,2018
8837769,2,1,N,M,46,A,-,W,M,G,Y,-,3,-,-,"- ",,,N,-,0,0,B,2017,FORD,A,07,,W,,-,-,2018
8837769,3,3,N,-,998,H,H,E,-,-,O,-,-,-,-,"- ",,,N,-,0,0,O,2002,HONDA,A,08,,,,-,-,2018
8837769,4,3,N,-,998,H,H,E,-,-,O,-,-,-,-,"- ",,,N,-,0,0,O,1998,TOYOTA,A,08,,,,-,-,2018
8837962,1,4,Y,M,52,A,-,E,-,-,O,-,3,-,,33,21804,A,A,-,0,1,B,,-,L,04,,B,,-,-,2018
8837962,2,1,N,M,51,A,-,E,M,G,Y,-,3,-,-,"- ",,,N,-,0,0,D,2017,FORD,J,48,,W,,-,-,2018
8838174,1,1,Y,M,16,A,-,S,M,G,Y,-,3,-,-,"- ",,,N,-,0,0,D,2001,LEXUS,A,07,,O,,-,-,2018
8838174,2,2,N,M,37,-,E,E,-,-,O,-,3,-,-,"- ",,,N,-,0,1,-,,-,N,60,,O,,-,-,2018
8838182,1,4,Y,M,6,A,-,S,-,-,O,-,-,-,-,"- ",,,F,-,0,1,D,,-,L,04,,B,K,-,-,2018
8838182,2,1,N,M,18,A,-,S,M,G,Y,-,-,-,-,"- ",,,N,-,0,0,B,2009,CHRYSLER,A,01,,B,,-,-,2018
8838404,1,1,Y,-,998,D,-,S,-,-,,-,-,-,-,"- ",,,N,-,0,0,D,,-,-,,,,,-,-,2018
8838404,2,4,N,M,55,A,-,W,-,-,O,-,-,-,-,"- ",,,N,-,0,1,B,,-,L,04,,B,,-,-,2018
8838406,1,1,Y,M,29,A,-,S,M,G,Y,-,3,-,-,"- ",,,N,-,0,0,E,2017,NISSAN,A,01,,H,,-,-,2018
8838406,2,2,N,M,25,A,-,E,-,-,O,-,3,-,-,"- ",,,N,-,0,1,-,,-,N,60,,H,,-,-,2018
8838409,1,1,Y,F,33,A,-,E,M,G,Y,-,3,-,-,"- ",,,N,-,0,0,D,1995,NISSAN,A,01,,H,,-,-,2018
8838409,2,2,N,F,26,A,-,N,-,-,O,-,3,-,-,"- ",,,N,-,0,1,-,,-,N,60,,H,,-,-,2018
8838414,1,1,Y,F,40,A,-,S,M,G,Y,-,3,-,-,"- ",,,H,-,0,0,B,2014,NISSAN,A,01,,H,,-,-,2018
8838414,2,4,N,M,62,A,-,S,-,-,O,-,3,-,-,"- ",,,N,-,0,1,B,,-,L,04,,W,,-,-,2018
8838417,1,1,Y,F,38,A,-,W,M,G,,-,3,-,-,"- ",,,N,-,0,0,E,1997,MERCEDES-BENZ,A,01,,B,,-,-,2018
8838417,2,2,N,F,62,A,-,N,-,-,O,-,3,-,-,"- ",,,N,-,0,1,-,,-,N,60,,H,,-,-,2018
8838417,3,2,N,F,65,A,-,N,-,-,O,-,3,-,-,"- ",,,N,-,0,1,-,,-,N,60,,H,,-,-,2018
8838417,4,2,N,M,42,A,-,N,-,-,O,-,3,-,-,"- ",,,N,-,0,1,-,,-,N,60,,H,,-,-,2018
8838421,1,1,Y,F,46,A,-,W,M,B,N,-,3,-,-,"- ",,,N,-,0,0,B,1999,FORD,A,07,,W,,-,-,2018
8838421,2,2,N,F,13,G,G,S,-,-,O,-,1,-,-,"- ",,,F,-,0,1,-,,-,N,60,,H,A,-,-,2018
8838437,1,1,N,F,38,A,-,S,M,G,Y,-,3,-,,25,22350,,A,-,0,0,J,2017,MAZDA,A,01,,A,,-,-,2018
8838437,2,2,Y,M,998,D,-,E,-,-,O,-,-,-,-,"- ",,,M,-,0,1,-,,-,N,60,,H,,-,-,2018
8838440,1,1,Y,F,36,H,H,E,M,G,Y,-,3,-,-,"- ",,,N,-,0,0,E,2014,TOYOTA,A,01,,B,,-,-,2018
8838440,2,2,N,F,15,H,H,N,-,-,O,-,1,-,-,"- ",,,N,-,0,1,-,,-,N,60,,B,,-,-,2018
8838449,1,1,Y,F,73,A,-,S,M,G,Y,-,3,-,-,"- ",,,N,-,0,0,B,2009,ACURA,A,01,,O,,-,-,2018
8838449,2,2,N,M,27,A,-,E,-,-,O,-,3,-,-,"- ",,,N,-,0,0,-,,-,N,60,,H,,-,-,2018
8838449,3,2,N,F,0,A,-,E,-,-,O,-,3,-,-,"- ",,,N,-,0,1,-,,-,N,60,,H,,-,-,2018
8838458,1,4,Y,M,36,A,-,W,-,-,O,-,-,-,-,"- ",,,N,-,0,1,B,,-,L,04,,H,,-,-,2018
8838458,2,1,N,M,63,A,-,E,M,G,Y,-,-,-,-,"- ",,,F,N,0,0,D,2013,TOYOTA,A,01,,H,K,-,-,2018
8838462,1,4,Y,M,19,A,-,S,-,-,O,-,-,-,-,"- ",,,N,-,0,1,B,,-,L,04,,H,,-,-,2018
8838462,2,1,N,M,49,A,-,W,M,C,Y,-,-,-,-,"- ",,,F,-,0,0,B,2003,BMW,A,01,,O,K,-,-,2018
8838464,1,1,Y,F,66,A,-,S,M,G,Y,-,3,-,-,"- ",,,N,-,0,0,E,1999,MERCEDES-BENZ,A,01,,B,,-,-,2018
8838464,2,2,N,M,54,A,-,E,-,-,O,-,3,-,-,"- ",,,N,-,0,1,-,,-,N,60,,B,,-,-,2018
8838470,1,1,Y,-,998,G,G,-,-,-,,-,-,-,-,"- ",,,M,N,0,0,B,,-,-,,,,,-,-,2018
8838470,2,2,N,M,47,A,-,N,-,-,O,-,3,-,-,"- ",,,N,-,0,1,-,,-,N,60,,B,,-,-,2018
8838470,3,4,N,M,65,A,-,W,-,-,O,-,3,-,-,"- ",,,N,-,0,1,B,,-,L,04,,B,,-,-,2018
8838479,1,4,Y,M,58,H,H,W,-,-,O,-,-,-,-,"- ",,,N,-,0,1,B,,-,L,04,,B,,-,-,2018
8838479,2,1,N,F,22,H,H,N,M,G,Y,-,-,-,-,"- ",,,N,-,0,0,D,,TOYOTA,A,01,,H,,-,-,2018
8838492,1,1,Y,F,48,A,-,W,M,G,Y,-,-,-,-,"- ",,,N,-,0,0,G,2011,NISSAN,A,01,,H,,-,-,2018
8838492,2,2,N,M,74,A,-,W,-,-,O,-,-,-,-,"- ",,,N,-,0,1,-,,-,N,60,,B,,-,-,2018
8838504,1,4,Y,M,69,A,-,N,-,-,O,-,-,-,-,"- ",,,N,-,0,1,B,,-,L,04,,H,,-,-,2018
8838504,2,1,N,F,44,A,-,E,M,G,Y,-,-,-,-,"- ",,,N,-,0,0,A,2009,HONDA,A,01,,H,,-,-,2018
8838536,1,1,Y,M,46,H,H,N,M,G,Y,-,3,-,-,"- ",,,N,-,0,0,E,2013,CHEVROLET,A,01,,H,,-,-,2018
8838536,2,2,N,M,34,H,H,S,-,-,O,-,3,-,-,"- ",,,N,-,0,1,-,,-,N,60,,H,,-,-,2018
8838929,1,1,Y,M,18,G,G,S,M,B,,-,-,-,,53,22106,,A,N,0,0,R,2009,PONTIAC,A,01,,H,,-,-,2018
8838929,2,2,N,M,40,A,-,N,-,-,O,-,-,-,-,"- ",,,N,-,0,1,-,,-,N,60,,B,,-,-,2018
8839104,1,4,Y,M,26,A,-,E,-,-,O,-,3,-,-,"- ",,,N,-,0,1,B,,-,L,04,,B,,-,-,2018
8839104,2,1,N,M,53,A,-,S,M,G,Y,-,3,-,-,"- ",,,N,-,0,0,E,2013,FORD,A,01,,B,,-,-,2018
8842880,1,1,N,M,998,G,G,W,-,-,,-,-,-,,19,20001,,A,-,0,0,B,,-,A,01,,B,,-,-,2018
8842880,2,2,Y,M,24,A,-,E,-,-,O,-,-,-,-,"- ",,,F,-,0,1,-,,-,N,60,,B,K,-,-,2018
8842885,1,1,Y,F,59,H,H,W,M,G,Y,-,3,-,-,"- ",,,H,-,0,0,D,2013,MITSUBISHI,A,07,,O,,-,-,2018
8842885,2,4,N,M,37,H,H,E,-,-,O,-,3,-,-,"- ",,,N,-,0,1,B,,-,L,04,,W,,-,-,2018
8842889,1,1,Y,-,998,G,G,-,-,-,,-,-,-,-,"- ",,,N,-,0,0,B,,-,-,99,,,,-,-,2018
8842889,2,2,N,M,36,G,G,S,-,-,O,-,-,-,-,"- ",,,N,-,0,1,-,,-,N,60,,W,,-,-,2018
8842897,1,4,Y,F,50,A,-,N,-,-,O,-,3,-,-,"- ",,,-,-,0,1,B,,-,L,04,,B,,-,-,2018
8842897,2,1,N,M,998,G,G,W,-,B,,-,-,-,-,"- ",,,-,-,0,0,B,,-,A,01,,B,,-,-,2018
8843402,1,1,Y,-,998,G,G,N,-,-,,-,-,-,-,"- ",,,N,-,0,0,B,,-,-,99,,,,-,-,2018
8843402,2,2,N,M,62,B,-,W,-,-,O,-,-,-,-,"- ",,,N,-,0,1,-,,-,N,60,,B,,-,-,2018
8843403,1,1,Y,-,998,C,-,S,-,-,,-,3,-,-,"- ",,,N,-,0,0,B,,-,A,01,,,,-,-,2018
8843403,2,2,N,M,55,A,-,S,-,-,O,-,3,-,-,"- ",,,N,-,0,1,-,,-,N,60,,,,-,-,2018
8843409,1,1,Y,M,32,A,-,N,M,G,Y,-,3,-,-,"- ",,,N,-,0,0,D,2018,TOYOTA,A,01,,H,,-,-,2018
8843409,2,4,N,M,39,A,-,N,-,-,O,-,3,-,-,"- ",,,N,-,0,1,B,,-,L,04,,W,,-,-,2018
8843410,1,1,Y,-,998,G,G,W,-,-,,-,-,-,-,"- ",,,N,-,0,0,B,,-,A,01,,,,-,-,2018
8843410,2,2,N,F,14,H,H,S,-,-,O,-,-,-,-,"- ",,,N,-,0,1,-,,-,N,60,,O,,-,-,2018
8843410,3,2,N,F,12,H,H,S,-,-,O,-,-,-,-,"- ",,,N,-,0,1,-,,-,N,60,,O,,-,-,2018
8843411,1,4,Y,M,37,A,-,N,-,-,O,-,3,-,-,"- ",,,N,-,0,1,B,,-,L,04,,H,,-,-,2018
8843411,2,1,N,M,998,-,,-,-,-,,-,-,-,-,"- ",,,-,-,0,0,-,2002,MERCEDES-BENZ,-,99,,B,,-,-,2018
8843418,1,2,Y,M,24,A,-,W,-,-,O,-,3,-,-,"- ",,,N,-,0,1,-,,-,N,60,,H,,-,-,2018
8843418,2,1,N,F,22,A,-,N,M,G,N,-,3,-,-,"- ",,,N,-,0,0,B,2003,MERCURY,A,01,,H,,-,-,2018
8843420,1,1,Y,F,998,G,G,E,-,-,,-,-,-,-,"- ",,,N,-,0,0,B,,MAZDA,A,01,,W,,-,-,2018
8843420,2,2,N,M,70,A,-,-,-,-,O,-,-,-,-,"- ",,,N,-,0,1,-,,-,N,60,,W,,-,-,2018
8843447,1,1,Y,M,43,A,-,N,M,B,N,-,-,-,-,"- ",,,E,-,0,0,D,2004,HONDA,A,01,,H,,-,-,2018
8843447,2,4,N,M,61,A,-,W,-,-,O,-,-,-,-,"- ",,,M,-,0,1,B,,-,L,04,,B,,-,-,2018
8843454,1,1,Y,M,998,H,H,W,-,-,,-,-,-,,19,20001,,A,-,0,0,D,,HONDA,-,99,,H,,-,-,2018
8843454,2,2,N,F,38,H,H,E,-,-,O,-,-,-,-,"- ",,,-,-,0,1,-,,-,N,60,,B,,-,-,2018
8843455,1,1,Y,M,998,G,G,W,-,B,,-,-,-,,19,20001,,A,O,0,0,D,,"OTHER - AUTO",A,01,,B,,-,-,2018
8843455,2,4,N,M,56,A,-,S,-,-,O,-,-,-,-,"- ",,,-,-,0,1,B,,-,L,04,,B,,-,-,2018
8843460,1,2,Y,F,8,A,-,S,-,-,O,-,-,-,-,"- ",,,N,-,0,1,-,,-,N,60,,H,,-,-,2018
8843460,2,1,N,M,28,A,-,W,M,G,Y,-,-,-,-,"- ",,,N,-,0,0,B,2003,BUICK,A,01,,H,,-,-,2018
8846384,1,1,Y,F,998,G,G,W,B,-,N,-,-,-,-,"- ",,,F,-,0,0,G,,PONTIAC,A,01,,B,-,-,-,2018
8846384,2,2,N,F,60,A,-,W,-,-,O,-,3,-,-,"- ",,,N,-,0,1,-,,-,N,60,,H,,-,-,2018
8846387,1,1,Y,M,52,A,-,W,M,G,Y,-,3,-,-,"- ",,,E,-,0,0,B,2016,HYUNDAI,A,01,,B,,-,-,2018
8846387,2,2,N,F,61,A,-,S,-,-,O,-,3,-,-,"- ",,,N,-,0,1,-,,-,N,60,,H,,-,-,2018
8846392,1,1,Y,-,998,G,G,N,-,-,,-,-,-,-,"- ",,,M,-,0,0,B,,FORD,A,08,,,,-,-,2018
8846392,2,2,N,M,39,G,G,N,-,-,O,-,-,-,-,"- ",,,N,-,0,1,-,,-,N,60,,H,,-,-,2018
8846396,1,2,Y,F,21,G,G,W,-,-,O,-,3,-,-,"- ",,,N,-,0,1,-,,-,N,60,,W,,-,-,2018
8846396,2,1,N,-,998,G,G,W,-,-,,-,3,-,,19,20001,,A,N,0,0,B,,-,-,,,,,-,-,2018
8846400,1,4,Y,M,998,G,G,W,-,-,O,-,3,-,-,"- ",,,N,-,0,1,B,,-,L,04,,,,-,-,2018
8846400,2,1,N,M,73,G,G,W,M,G,Y,-,3,-,-,"- ",,,N,-,0,0,E,1990,MERCEDES-BENZ,A,01,,B,,-,-,2018
8853460,1,2,Y,F,23,G,G,E,-,-,O,-,3,-,-,"- ",,,N,-,0,1,-,,-,N,60,,W,,-,-,2018
8853460,2,1,N,F,32,A,-,S,M,G,Y,-,3,-,-,"- ",,,N,-,0,0,B,2015,TOYOTA,A,01,,B,,-,-,2018
8853470,1,1,Y,M,46,A,-,W,M,G,Y,-,3,-,-,"- ",,,N,-,0,0,B,2000,CHEVROLET,A,01,,B,,-,-,2018
8853470,2,2,N,F,46,D,-,N,-,-,O,-,-,-,-,"- ",,,N,-,0,1,-,,-,N,60,,B,,-,-,2018
8853474,1,2,Y,F,48,H,H,N,-,-,O,-,-,-,-,"- ",,,N,-,0,1,-,,-,N,60,,W,,-,-,2018
8853474,2,1,N,-,998,H,H,-,-,-,,-,-,-,-,"- ",,,N,-,0,0,B,,-,-,99,,,,-,-,2018
8853476,1,2,Y,M,67,A,-,S,-,-,O,-,-,-,-,"- ",,,N,-,0,1,-,,-,N,60,,B,,-,-,2018
8853476,2,1,N,F,52,A,-,E,M,G,,-,-,-,-,"- ",,,N,-,0,0,B,2013,TOYOTA,A,01,,A,,-,-,2018
8853479,1,1,Y,M,998,G,G,S,-,-,,-,1,-,,19,20001,,A,F,0,0,B,2016,HONDA,A,01,,B,-,-,-,2018
8853479,2,4,N,M,13,A,-,S,-,-,O,-,3,-,-,"- ",,,N,-,0,1,A,,-,L,04,,H,,-,-,2018
8853480,1,1,Y,M,998,G,G,-,-,-,,-,-,-,-,"- ",,,N,-,0,0,E,,CHEVROLET,A,01,,H,,-,-,2018
8853480,2,2,N,F,59,A,-,E,-,-,O,-,-,-,-,"- ",,,N,-,0,1,-,,-,N,60,,H,,-,-,2018
8853482,1,2,Y,M,21,A,-,W,-,-,O,-,3,-,,35,21954,A,A,-,0,1,-,,-,N,60,,H,,-,-,2018
8853482,2,1,N,M,19,A,-,N,M,G,N,-,3,-,-,"- ",,,-,-,0,0,B,1999,ACURA,A,01,,B,,-,-,2018
8853587,1,1,Y,M,37,B,-,S,L,C,N,-,3,-,,20,23153,,A,-,0,0,B,2002,DODGE,D,22,,H,,-,-,2018
8853587,2,2,N,M,30,G,G,W,-,-,O,-,3,-,-,"- ",,,-,-,0,1,-,,-,N,60,,H,,-,-,2018
8891373,1,1,N,M,26,C,-,N,M,E,Y,-,3,-,-,"- ",,,N,-,0,0,G,2015,CHRYSLER,A,01,,B,,-,-,2018
8891373,2,2,N,F,78,C,-,E,-,-,O,-,1,-,-,"- ",,,N,-,0,1,-,,-,N,60,,O,,-,-,2018
8891375,1,1,Y,M,24,H,H,S,M,C,Y,-,-,-,-,"- ",,,N,-,0,0,B,2008,INFINITI,A,01,,H,,-,-,2018
8891375,2,2,N,F,62,H,H,N,-,-,O,-,-,-,-,"- ",,,N,-,0,1,-,,-,N,60,,H,,-,-,2018
8891379,1,1,N,-,998,G,G,S,-,-,,-,3,-,-,"- ",,,N,-,0,0,B,2013,TOYOTA,A,01,,,,-,-,2018
8891379,2,2,N,F,46,A,-,N,-,-,O,-,3,-,-,"- ",,,N,-,0,1,-,,-,N,60,,B,,-,-,2018
8891383,1,2,Y,F,33,B,-,-,-,-,O,-,-,-,-,"- ",,,N,-,0,1,-,,-,N,60,,H,,-,-,2018
8891383,2,1,N,-,998,G,G,W,N,B,,-,-,-,,19,20001,,A,N,0,0,B,,-,-,99,,,,-,-,2018
8891384,1,2,Y,F,33,D,-,N,-,-,O,-,3,-,-,"- ",,,N,-,0,1,B,,-,N,60,,B,,-,-,2018
8891384,2,1,N,-,998,B,-,W,-,-,,-,3,-,-,"- ",,,N,-,0,0,B,,-,A,01,,,,-,-,2018
8891385,1,2,Y,M,27,A,-,S,-,-,O,-,3,-,-,"- ",,,N,-,0,1,-,,-,N,60,,B,,-,-,2018
8891385,2,1,N,M,42,A,-,W,M,C,Y,-,3,-,-,"- ",,,N,-,0,0,B,1999,HONDA,A,01,,H,,-,-,2018
8891385,3,3,N,-,998,H,H,-,-,-,O,-,3,-,-,"- ",,,N,-,0,0,O,2005,HONDA,A,01,,,,-,-,2018
8891392,1,2,Y,F,44,H,H,N,-,-,O,-,-,-,-,"- ",,,N,-,0,1,-,,-,N,60,,H,,-,-,2018
8891392,2,1,N,M,37,H,H,E,M,G,Y,-,-,-,-,"- ",,,N,-,0,0,B,2003,FORD,A,08,,H,,-,-,2018
8891394,1,4,Y,M,25,H,H,S,-,-,O,-,3,-,-,"- ",,,N,-,0,1,B,,-,L,04,,B,,-,-,2018
8891394,2,1,N,F,43,H,H,S,M,G,Y,-,3,-,-,"- ",,,N,-,0,0,E,2009,BMW,A,01,,H,,-,-,2018
8891406,1,1,Y,M,20,A,-,E,M,G,Y,-,3,-,-,"- ",,,F,-,0,0,B,2017,NISSAN,A,01,,H,K,-,-,2018
8891406,2,2,N,F,15,A,-,N,-,-,O,-,3,-,-,"- ",,,N,-,0,1,-,,-,N,60,,O,,-,-,2018
8891416,1,1,Y,F,73,H,H,E,M,G,Y,-,3,-,-,"- ",,,N,-,0,0,E,2004,CADILLAC,A,01,,,,-,-,2018
8891416,2,2,N,F,20,H,H,W,-,-,O,-,1,-,-,"- ",,,N,-,0,1,-,,-,N,60,,H,,-,-,2018
8891421,1,1,Y,M,57,A,-,N,M,G,Y,-,-,-,-,"- ",,,F,-,0,0,E,2001,DODGE,D,22,,B,K,-,-,2018
8891421,2,2,N,F,61,B,-,W,-,-,O,-,-,-,-,"- ",,,N,-,0,1,-,,-,N,60,,B,,-,-,2018
8891490,1,1,Y,M,998,G,G,E,-,-,,-,-,-,-,"- ",,,N,-,0,0,E,,-,A,01,,H,,-,-,2018
8891490,2,2,N,F,52,A,-,N,-,-,O,-,-,-,-,"- ",,,N,-,0,1,-,,-,N,60,,H,,-,-,2018
8891492,1,4,Y,-,998,A,-,S,-,-,O,-,3,-,,27,21650,1,A,N,0,1,B,,-,L,04,,,,-,-,2018
8891492,2,1,N,-,998,-,-,W,-,-,,-,-,-,-,"- ",,,H,-,0,0,B,,FORD,A,07,,,,-,-,2018
8891550,1,1,Y,M,24,B,-,W,M,B,,-,-,-,-,"- ",,,N,-,0,0,B,2006,NISSAN,A,01,,H,,-,-,2018
8891550,2,2,N,M,998,H,H,N,-,-,O,-,-,-,-,"- ",,,N,-,0,1,-,,-,N,60,,B,,-,-,2018
8891594,1,1,Y,M,38,H,H,S,M,G,,-,3,-,-,"- ",,,N,-,0,0,G,2000,DODGE,A,01,,B,,-,-,2018
8891594,2,2,N,F,66,H,H,W,-,-,O,-,3,-,-,"- ",,,N,-,0,1,-,,-,N,60,,B,,-,-,2018
8891595,1,1,Y,M,16,A,-,W,M,G,,-,1,-,-,"- ",,,N,-,0,0,E,2001,INFINITI,A,01,,H,,-,-,2018
8891595,2,2,N,F,18,A,-,S,-,-,O,-,3,-,-,"- ",,,N,-,0,1,-,,-,N,60,,H,,-,-,2018
8891600,1,1,Y,-,998,D,-,-,-,-,,-,-,-,-,"- ",,,N,-,0,0,B,2010,ACURA,A,01,,,,-,-,2018
8891600,2,2,N,M,56,A,-,S,-,-,O,-,-,-,-,"- ",,,N,-,0,1,-,,-,N,60,,B,,-,-,2018
8897041,1,4,Y,M,59,A,-,E,-,-,O,-,3,-,-,"- ",,,K,-,0,1,B,,-,L,04,,B,,-,-,2018
8897041,2,1,N,M,42,A,-,S,M,G,N,-,3,-,-,"- ",,,N,-,0,0,B,1988,HONDA,A,01,,H,,-,-,2018
8901081,1,4,Y,M,24,A,-,S,-,-,O,-,3,-,-,"- ",,,N,-,0,1,M,,-,L,04,,W,,-,-,2019
8901081,2,1,N,F,998,G,G,S,-,-,,-,-,-,-,"- ",,,N,-,0,0,B,,FORD,A,01,,B,,-,-,2019
8904485,1,1,Y,M,23,A,-,W,M,G,Y,-,3,-,-,"- ",,,G,-,0,0,D,2013,FORD,J,48,,H,,-,-,2019
8904485,2,2,N,M,32,A,-,S,-,-,O,-,3,-,,35,21950,B,A,-,0,1,-,,-,N,60,,B,,-,-,2019
8911309,1,2,Y,M,4,A,-,S,-,-,O,-,-,-,-,"- ",,,N,-,1,0,-,,-,N,60,,H,,-,-,2020
8911309,2,1,N,M,26,G,G,W,M,B,Y,-,-,-,,19,20001,,A,N,0,0,B,1999,FORD,A,07,,B,,-,-,2020
8911865,1,2,Y,M,40,G,G,W,-,-,O,-,-,-,,35,21955,,A,-,1,0,R,,-,N,60,,H,,-,-,2020
8911865,2,1,N,-,998,G,G,-,-,-,N,-,-,-,,19,20001,A,A,N,0,0,B,,-,A,01,,,,-,-,2020
8921436,1,1,Y,M,63,B,-,W,L,G,,-,3,-,,31,22107,,A,-,0,1,F,1999,FORD,D,22,,H,,-,-,2019
8921436,2,1,N,M,41,A,-,W,M,G,Y,-,3,-,-,"- ",,,N,-,0,0,R,2016,HONDA,A,01,,H,,-,-,2019
8921436,3,2,N,M,28,G,G,N,-,-,O,-,-,-,-,"- ",,,-,-,0,1,-,,-,N,60,,H,,-,-,2019
8921436,4,3,N,-,998,H,H,W,-,-,O,-,-,-,-,"- ",,,N,-,0,0,O,2007,TOYOTA,D,22,,,,-,-,2019
8921436,5,3,N,-,998,H,H,W,-,-,O,-,-,-,-,"- ",,,N,-,0,0,O,2006,CHEVROLET,D,22,,,,-,-,2019
8921436,6,3,N,-,998,H,H,W,-,-,O,-,-,-,-,"- ",,,N,-,0,0,O,1993,HONDA,A,01,,,,-,-,2019
8922328,1,4,Y,M,23,A,-,S,-,-,O,-,-,-,-,"- ",,,N,-,0,1,A,,-,L,04,,B,,-,-,2019
8922328,2,1,N,M,35,A,-,W,M,G,Y,-,-,-,-,"- ",,,N,-,0,0,A,2018,TOYOTA,A,01,,O,,-,-,2019
8922335,1,2,Y,F,93,H,H,W,-,-,O,-,3,-,-,"- ",,,N,-,0,1,-,,-,N,60,,W,,-,-,2019
8922335,2,1,N,F,40,H,H,N,M,G,Y,-,3,-,-,"- ",,,N,-,0,0,B,2007,SUBARU,A,01,,W,,-,-,2019
8922340,1,4,Y,M,17,H,H,S,-,-,O,-,3,-,-,"- ",,,N,-,0,1,P,,-,L,04,,H,,-,-,2019
8922340,2,1,N,M,24,H,H,W,M,G,Y,-,3,-,-,"- ",,,N,-,0,0,B,2008,DODGE,A,01,,H,,-,-,2019
8922346,1,1,Y,-,998,H,H,N,-,-,,-,-,-,-,"- ",,,N,-,0,0,B,,-,A,01,,,,-,-,2019
8922346,2,4,N,M,48,H,H,E,-,-,O,-,-,-,-,"- ",,,N,-,0,1,B,,-,L,04,,H,,-,-,2019
8922351,1,1,Y,F,58,G,G,N,M,B,Y,-,3,-,-,"- ",,,N,-,0,0,B,,HYUNDAI,A,01,,B,,-,-,2019
8922351,2,4,N,M,15,A,-,W,-,-,O,-,3,-,-,"- ",,,N,-,0,1,B,,-,L,04,,B,,-,-,2019
8922354,1,4,Y,M,19,A,-,N,-,-,O,-,3,-,-,"- ",,,N,-,0,1,Q,,-,L,04,,H,,-,-,2019
8922354,2,1,N,M,17,A,-,S,M,G,Y,-,3,-,,47,12500,A,A,-,0,0,A,1993,TOYOTA,A,01,,H,,-,-,2019
8922366,1,4,Y,F,29,A,-,N,-,-,O,-,-,-,-,"- ",,,N,-,0,1,Q,,-,L,04,,W,,-,-,2019
8922366,2,1,N,M,49,A,-,E,M,G,Y,-,-,-,-,"- ",,,N,-,0,0,D,2015,TOYOTA,A,01,,W,,-,-,2019
8922375,1,1,Y,M,998,G,G,E,-,-,,-,3,-,-,"- ",,,N,-,0,0,B,,-,-,,,,,-,-,2019
8922375,2,2,N,F,46,A,-,W,-,-,O,-,3,-,-,"- ",,,N,-,0,1,-,,-,N,60,,H,,-,-,2019
8924283,1,2,Y,F,42,G,G,W,-,-,O,-,3,-,-,"- ",,,F,-,0,1,-,,-,N,60,,H,-,-,-,2019
8924283,2,1,N,M,37,A,-,S,M,G,Y,-,3,-,-,"- ",,,N,-,0,0,B,2001,NISSAN,A,01,,H,,-,-,2019
8924293,1,1,Y,M,998,G,G,W,-,-,,-,-,-,-,"- ",,,-,-,0,0,B,,-,-,99,,B,,-,-,2019
8924293,2,2,N,M,16,H,H,S,-,-,O,-,3,-,-,"- ",,,-,-,0,1,-,,-,N,60,,H,,-,-,2019
8924314,1,1,Y,M,998,G,G,S,-,-,,-,3,-,-,"- ",,,-,-,0,0,B,,TOYOTA,A,01,,B,,-,-,2019
8924314,2,2,N,M,18,A,-,W,-,-,O,-,3,-,-,"- ",,,-,-,0,1,-,,-,N,60,,H,,-,-,2019
8925087,1,1,Y,M,36,A,-,S,M,G,Y,-,3,-,-,"- ",,,N,-,0,0,E,2016,TOYOTA,D,22,,H,,-,-,2019
8925087,2,2,N,M,53,A,-,E,-,-,O,-,3,-,-,"- ",,,N,-,0,1,-,,-,N,60,,A,,-,-,2019
8925123,1,4,Y,M,36,A,-,N,-,-,O,-,3,-,-,"- ",,,N,-,0,1,L,,-,L,04,,H,,-,-,2019
8925123,2,1,N,F,54,A,-,S,M,B,Y,-,3,-,-,"- ",,,N,-,0,0,B,2015,BMW,A,01,,W,,-,-,2019
8925125,1,1,Y,-,998,D,-,N,-,-,,-,-,-,-,"- ",,,-,-,0,0,G,,-,-,,,,,-,-,2019
8925125,2,2,N,F,63,A,-,N,-,-,O,-,3,-,-,"- ",,,-,-,0,1,-,,-,N,60,,B,,-,-,2019
8925125,3,3,N,-,998,H,H,-,-,-,O,-,3,-,-,"- ",,,-,-,0,0,O,2007,DODGE,A,01,,,,-,-,2019
8925131,1,1,N,M,55,A,-,N,-,-,Y,-,-,-,-,"- ",,,-,-,0,0,B,1994,TOYOTA,A,01,,H,,-,-,2019
8925131,2,4,N,M,49,A,-,N,-,-,O,-,-,-,-,"- ",,,-,-,0,1,B,,-,L,04,,H,,-,-,2019
8925132,1,1,Y,-,998,G,G,E,-,-,,-,-,-,-,"- ",,,N,-,0,0,D,,-,A,01,,,,-,-,2019
8925132,2,2,N,F,32,A,-,N,-,-,O,-,3,-,-,"- ",,,N,-,0,1,-,,-,N,60,,H,,-,-,2019
8925138,1,4,Y,M,32,G,G,S,-,-,O,-,3,-,-,"- ",,,N,-,0,1,B,,-,L,04,,H,,-,-,2019
8925138,2,1,N,F,27,A,-,E,M,G,,-,3,-,-,"- ",,,N,-,0,0,B,,NISSAN,A,07,,H,,-,-,2019
8925145,1,1,Y,F,998,A,-,W,-,-,,-,3,-,-,"- ",,,N,-,0,0,A,2000,DODGE,A,01,,B,,-,-,2019
8925145,2,4,N,M,15,A,-,N,-,-,O,-,3,-,-,"- ",,,N,-,0,1,B,,-,L,04,,H,,-,-,2019
8925150,1,2,Y,M,68,D,-,N,-,-,O,-,-,-,-,"- ",,,N,-,0,1,-,,-,N,60,,B,,-,-,2019
8925150,2,1,N,M,81,H,H,W,M,C,Y,-,-,-,-,"- ",,,N,-,0,0,B,1996,BUICK,A,01,,B,,-,-,2019
8925154,1,2,Y,M,21,G,G,E,-,-,O,-,-,-,-,"- ",,,N,-,0,1,-,,-,N,60,,H,,-,-,2019
8925154,2,1,N,F,19,G,G,N,M,-,Y,-,-,-,-,"- ",,,E,-,0,0,B,2013,HONDA,A,01,,H,,-,-,2019
8925158,1,1,Y,M,50,A,-,S,M,B,Y,-,3,-,-,"- ",,,N,-,0,0,B,2000,TOYOTA,A,01,,H,,-,-,2019
8925158,2,2,N,M,26,A,-,E,-,-,O,-,3,-,-,"- ",,,N,-,0,1,-,,-,N,60,,H,,-,-,2019
8925166,1,2,Y,M,60,A,-,S,-,-,O,-,3,-,-,"- ",,,-,-,0,1,-,,-,N,60,,W,,-,-,2019
8925166,2,1,N,F,18,A,-,W,L,B,Y,-,3,-,-,"- ",,,-,-,0,0,E,2007,BMW,A,01,,H,,-,-,2019
8925167,1,1,Y,M,40,A,-,W,M,G,Y,-,-,-,,25,22350,,A,E,0,0,A,,TOYOTA,A,01,,O,,-,-,2019
8925167,2,2,N,M,41,A,-,S,-,-,O,-,-,-,-,"- ",,,-,-,0,1,-,,-,N,60,,B,,-,-,2019
8925169,1,1,Y,F,47,H,H,E,M,G,Y,-,-,-,-,"- ",,,N,-,0,0,E,2009,NISSAN,A,01,,B,,-,-,2019
8925169,2,2,N,F,40,H,H,N,-,-,O,-,-,-,-,"- ",,,N,-,0,1,-,,-,N,60,,H,,-,-,2019
8925179,1,1,Y,F,998,H,H,S,-,-,,-,3,-,-,"- ",,,N,-,0,0,E,,GMC,A,07,,H,,-,-,2019
8925179,2,2,N,M,18,H,H,N,-,-,O,-,3,-,-,"- ",,,N,-,0,1,-,,-,N,60,,W,,-,-,2019
8925187,1,2,Y,F,31,G,G,N,-,-,O,-,3,-,-,"- ",,,N,-,0,1,-,,-,N,60,,B,,-,-,2019
8925187,2,1,N,M,38,A,-,E,M,G,Y,-,3,-,-,"- ",,,N,-,0,0,B,2007,HONDA,A,01,,B,,-,-,2019
8925191,1,4,Y,M,23,G,G,E,-,-,O,-,3,-,-,"- ",,,N,-,0,1,B,,-,L,04,,H,,-,-,2019
8925191,2,1,N,M,21,A,-,S,L,C,Y,-,3,-,-,"- ",,,N,-,0,0,B,2005,HONDA,A,01,,H,,-,-,2019
8925197,1,2,Y,M,28,A,-,E,-,-,O,-,2,-,-,"- ",,,N,-,0,1,-,,-,N,60,,O,,-,-,2019
8925197,2,1,N,M,83,A,-,N,M,G,Y,-,2,-,-,"- ",,,N,-,0,0,E,2006,HONDA,A,01,,O,,-,-,2019
8925198,1,1,Y,F,26,A,-,W,M,C,Y,-,3,-,-,"- ",,,N,-,0,0,E,2006,DODGE,A,01,,H,,-,-,2019
8925198,2,2,N,M,63,A,-,N,-,-,O,-,3,-,-,"- ",,,N,-,0,1,-,,-,N,60,,B,,-,-,2019
8925684,1,4,Y,F,47,C,-,N,-,-,O,-,3,-,-,"- ",,,N,-,0,1,B,,-,L,04,,W,,-,-,2019
8925684,2,1,N,-,998,D,-,N,-,-,,-,3,-,-,"- ",,,N,-,0,0,B,,-,-,,,,,-,-,2019
8925736,1,1,Y,M,66,A,-,W,M,G,,-,3,-,-,"- ",,,E,-,0,0,B,1999,TOYOTA,A,01,,B,,-,-,2019
8925736,2,2,N,F,41,A,-,S,-,-,O,-,3,-,-,"- ",,,N,-,0,1,-,,-,N,60,,W,,-,-,2019
8925752,1,1,Y,M,82,A,-,E,M,G,Y,-,3,-,-,"- ",,,N,-,0,0,B,1996,BUICK,A,01,,B,,-,-,2019
8925752,2,2,N,M,15,G,G,N,-,-,O,-,1,-,-,"- ",,,N,-,0,1,-,,-,N,60,,B,,-,-,2019
8925781,1,4,Y,M,23,G,G,N,-,-,O,-,3,-,,00,21201,1,A,-,0,1,B,,-,L,04,,H,,-,-,2019
8925781,2,1,N,F,32,A,-,W,M,G,Y,-,3,-,-,"- ",,,-,-,0,0,B,2012,TOYOTA,A,01,,A,,-,-,2019
8925785,1,1,Y,-,998,D,-,E,-,-,,-,-,-,-,"- ",,,O,-,0,0,B,,-,A,01,,,,-,-,2019
8925785,2,4,N,M,23,A,-,E,-,-,O,-,-,-,-,"- ",,,N,-,0,1,B,,-,L,04,,W,,-,-,2019
8925801,1,2,Y,F,16,A,-,W,-,-,O,-,3,-,-,"- ",,,N,-,0,1,-,,-,N,60,,H,,-,-,2019
8925801,2,1,N,M,20,A,-,S,M,G,,-,3,-,-,"- ",,,N,-,0,0,A,2017,FORD,A,01,,O,,-,-,2019
8927851,1,1,Y,M,27,A,-,N,M,C,,-,3,-,-,"- ",,,N,-,0,0,E,2013,TOYOTA,A,01,,O,,-,-,2019
8927851,2,2,N,F,35,A,-,S,-,-,O,-,3,-,-,"- ",,,N,-,0,1,-,,-,N,60,,H,,-,-,2019
8927852,1,2,Y,M,41,G,G,N,-,-,O,-,3,-,-,"- ",,,N,-,0,1,-,,-,N,60,,B,,-,-,2019
8927852,2,1,N,F,64,A,-,W,M,G,Y,-,3,-,-,"- ",,,N,-,0,0,B,2017,NISSAN,A,01,,B,,-,-,2019
8927864,1,4,Y,F,21,C,-,N,-,-,O,-,3,-,-,"- ",,,N,-,0,1,F,,-,L,04,,W,,-,-,2019
8927864,2,1,N,M,39,C,-,N,M,C,Y,-,3,-,-,"- ",,,N,-,0,0,B,2006,ACURA,A,01,,H,,-,-,2019
8927891,1,4,Y,M,998,A,-,N,-,-,O,-,3,-,-,"- ",,,N,-,0,1,D,,-,L,04,,B,,-,-,2019
8927891,2,1,N,M,31,A,-,W,M,G,,-,3,-,-,"- ",,,N,-,0,0,B,2012,HYUNDAI,A,01,,B,,-,-,2019
8927899,1,4,Y,M,31,H,H,N,-,-,O,-,3,-,-,"- ",,,N,-,0,1,B,,-,L,04,,O,,-,-,2019
8927899,2,2,N,M,71,H,H,W,-,-,O,-,3,-,-,"- ",,,N,-,0,1,-,,-,N,60,,W,,-,-,2019
8939665,1,4,Y,M,54,H,H,E,-,-,O,-,-,-,-,"- ",,,N,-,1,0,H,,-,L,04,,O,,-,-,2019
8955691,1,4,Y,M,61,G,G,N,-,-,O,-,3,-,-,"- ",,,N,-,0,1,B,,-,L,04,,W,,-,-,2019
8955691,2,1,N,M,40,G,G,N,M,C,Y,-,3,-,-,"- ",,,N,-,0,0,D,2018,TOYOTA,A,08,,H,,-,-,2019
8955731,1,2,Y,M,75,A,-,E,-,-,O,-,-,-,-,"- ",,,N,-,0,1,-,,-,N,60,,W,,-,-,2019
8955731,2,1,N,M,42,A,-,S,M,G,N,-,-,-,-,"- ",,,N,-,0,0,B,2005,MAZDA,A,01,,H,,-,-,2019
8955743,1,4,Y,M,19,C,-,W,-,-,O,-,3,-,-,"- ",,,N,-,0,1,B,,-,L,04,,W,,-,-,2019
8955743,2,1,N,M,25,C,-,S,M,C,Y,-,3,-,-,"- ",,,N,-,0,0,B,2014,ACURA,A,01,,B,,-,-,2019
8961169,1,1,Y,M,998,D,-,N,-,W,,-,3,-,,23,21453,A,A,-,0,0,B,,-,-,,,W,,-,-,2018
8961169,2,4,N,M,19,A,-,E,-,-,O,-,3,-,-,"- ",,,-,-,0,1,B,,-,L,04,,W,,-,-,2018
8961235,1,1,Y,-,998,H,H,E,-,-,,-,3,-,-,"- ",,,N,-,0,0,B,,JEEP,-,,,,,-,-,2018
8961235,2,2,N,M,57,H,H,S,-,-,O,-,3,-,-,"- ",,,N,-,0,1,-,,-,N,60,,B,,-,-,2018
8975135,1,2,Y,M,4,A,-,S,-,-,O,-,-,-,-,"- ",,,N,-,0,1,-,,-,N,60,,B,,-,-,2019
8975135,2,4,N,M,51,A,-,W,-,-,O,-,-,-,-,"- ",,,F,-,0,0,B,,-,L,04,,H,-,-,-,2019
8975310,1,1,Y,-,998,G,G,W,-,-,,-,-,-,,25,22350,,A,H,0,0,D,,"OTHER - AUTO",A,01,,,,-,-,2019
8975310,2,2,N,M,66,H,H,W,-,-,O,-,-,-,-,"- ",,,-,-,0,1,-,,-,N,60,,A,,-,-,2019
8977564,1,1,N,F,42,A,-,W,M,G,Y,-,-,-,-,"- ",,,N,-,0,0,B,2012,TOYOTA,A,07,,B,,-,-,2019
8977564,2,2,N,M,43,A,-,S,-,-,O,-,-,-,-,"- ",,,N,-,0,1,-,,-,N,60,,H,,-,-,2019
8977579,1,1,N,F,36,A,-,S,M,G,Y,-,-,-,-,"- ",,,H,-,0,0,D,2017,HONDA,A,01,,O,,-,-,2019
8977579,2,2,N,M,31,A,-,E,-,-,O,-,-,-,-,"- ",,,N,-,0,1,-,,-,N,60,,O,,-,-,2019
8977580,1,4,N,F,27,A,-,N,-,-,O,-,3,-,-,"- ",,,N,-,0,1,E,,-,L,04,,A,,-,-,2019
8977580,2,1,N,M,34,A,-,E,M,G,Y,-,3,-,-,"- ",,,N,-,0,0,B,1996,BUICK,A,01,,W,,-,-,2019
8977599,1,4,Y,M,13,G,G,W,-,-,O,-,3,-,-,"- ",,,F,-,0,1,B,,-,L,04,,O,-,-,-,2019
8977599,2,1,N,F,41,G,G,E,M,B,Y,-,3,-,-,"- ",,,F,-,0,0,E,2015,NISSAN,A,01,,O,-,-,-,2019
8985999,1,1,Y,-,998,G,G,N,-,-,,-,3,-,-,"- ",,,N,-,0,0,D,,-,-,,,,,-,-,2019
8985999,2,2,N,M,24,A,-,N,-,-,O,-,3,-,-,"- ",,,N,-,0,1,B,,-,N,60,,O,,-,-,2019
8989317,1,2,N,M,4,A,-,S,-,-,O,-,-,-,-,"- ",,,N,-,0,1,-,,-,N,60,,B,,-,-,2019
8989317,2,1,N,M,39,A,-,E,M,G,Y,-,-,-,-,"- ",,,N,-,0,0,D,2006,VOLKSWAGEN,A,01,,H,,-,-,2019
8992555,1,1,N,M,64,A,-,S,M,G,Y,-,3,-,-,"- ",,,N,-,0,0,B,2013,FORD,D,22,,B,,-,-,2018
8992555,2,2,Y,M,34,A,-,N,-,-,O,-,3,-,-,"- ",,,N,-,0,1,-,,-,N,60,,B,,-,-,2018
8994876,1,1,Y,M,63,A,-,E,M,C,Y,-,3,-,-,"- ",,,N,-,0,0,E,2012,CHEVROLET,A,01,,B,,-,-,2019
8994876,2,2,N,M,66,A,-,N,-,-,O,-,3,-,-,"- ",,,N,-,0,1,-,,-,N,60,,H,,-,-,2019
8998857,1,1,Y,-,998,D,-,N,-,-,,-,-,-,-,"- ",,,N,-,0,0,B,,FORD,-,,,,,-,-,2018
8998857,2,4,N,M,34,D,-,N,-,-,O,-,3,-,-,"- ",,,N,-,0,1,B,,-,L,04,,B,,-,-,2018
8999487,1,1,Y,F,28,A,-,W,G,-,Y,-,-,-,,47,12500,A,A,-,0,0,B,2002,LEXUS,A,01,,H,,-,-,2018
8999487,2,2,N,M,44,-,,S,-,-,O,-,-,-,-,"- ",,,-,-,0,1,-,,-,N,60,,B,,-,-,2018
9002729,1,1,Y,M,47,A,-,N,M,G,Y,-,3,-,-,"- ",,,E,-,0,0,D,2009,CHEVROLET,A,01,,W,,-,-,2018
9002729,2,2,N,M,39,A,-,W,-,-,O,-,3,-,-,"- ",,,-,-,0,1,-,,-,N,60,,H,,-,-,2018
9002766,1,1,N,-,998,D,-,N,-,-,,-,-,-,-,"- ",,,N,-,0,0,D,,-,-,99,,,,-,-,2018
9002766,2,4,Y,M,49,A,-,W,-,-,O,-,3,-,-,"- ",,,N,-,0,1,L,,-,L,04,,B,,-,-,2018
90208949,1,1,N,-,998,G,G,E,B,B,N,-,3,-,-,"- ",,,N,-,0,0,B,,-,-,99,,,,-,-,2015
90208949,2,2,Y,M,56,A,-,E,-,-,O,-,3,-,-,"- ",,,N,-,1,0,-,,-,N,60,,A,,-,-,2015
9023772,1,1,Y,F,66,A,-,W,M,Q,Y,-,-,-,-,"- ",,,N,-,0,0,E,2018,HONDA,A,01,,H,,-,-,2019
9023772,2,2,N,F,17,A,-,E,-,-,O,-,-,-,-,"- ",,,N,-,0,1,-,,-,N,60,,H,,-,-,2019
9023784,1,2,Y,F,53,B,-,W,-,-,O,-,-,-,-,"- ",,,-,-,0,1,-,,-,N,60,,W,,-,-,2019
9023784,2,1,N,M,63,A,-,S,M,B,,-,-,-,-,"- ",,,-,-,0,0,B,2000,KIA,A,01,,H,,-,-,2019
9023819,1,4,Y,M,12,A,-,N,-,-,O,-,3,-,-,"- ",,,N,-,0,1,B,,-,L,04,,H,,-,-,2019
9023819,2,1,N,F,38,A,-,E,M,G,Y,-,3,-,-,"- ",,,N,-,0,0,F,2019,NISSAN,A,01,,B,,-,-,2019
9023831,1,1,Y,M,75,A,-,E,L,G,,-,3,-,-,"- ",,,N,-,0,0,B,2018,HONDA,A,01,,W,,-,-,2019
9023831,2,2,N,M,30,A,-,E,-,-,O,-,3,-,-,"- ",,,N,-,0,1,-,,-,N,60,,H,,-,-,2019
9028296,1,4,Y,M,12,A,-,E,-,-,O,-,3,-,-,"- ",,,-,-,0,1,B,,-,L,04,,H,,-,-,2019
9028296,2,1,N,M,35,A,-,N,L,C,Y,-,3,-,-,"- ",,,-,-,0,0,B,2018,FORD,D,22,,B,,-,-,2019
90370273,1,2,Y,M,55,D,-,E,-,-,O,-,3,-,-,"- ",,,I,-,0,1,-,,-,N,60,,B,,-,-,2016
90370273,2,1,N,M,60,A,-,E,M,G,Y,-,3,-,-,"- ",,,N,-,0,0,B,2014,TOYO,A,01,,W,,-,-,2016
90370284,1,2,N,M,55,D,-,E,-,-,O,-,3,-,-,"- ",,,N,-,0,1,-,,-,N,60,,B,,-,-,2016
90370284,2,1,N,M,58,A,-,E,M,G,Y,-,3,-,-,"- ",,,N,-,0,0,B,2004,TOYO,A,01,,O,,-,-,2016
90445676,1,1,N,-,998,G,G,W,B,B,N,-,3,-,-,"- ",,,N,-,0,0,B,,-,-,99,,,,-,-,2017
90445676,2,2,Y,M,35,A,-,W,-,-,O,-,3,-,-,"- ",,,N,-,1,0,-,,-,N,60,,B,,-,-,2017
90517219,1,2,Y,M,34,A,-,E,-,-,O,-,3,-,-,"- ",,,N,-,0,1,-,,-,N,60,,H,,-,-,2017
90517219,2,1,N,F,40,A,-,E,M,G,Y,-,3,-,-,"- ",,,N,-,0,0,J,2012,VOLK,A,01,,W,,-,-,2017
9057178,1,2,Y,M,21,D,-,S,-,-,O,-,3,-,-,"- ",,,N,-,0,1,-,,-,N,60,,H,,-,-,2019
9057178,2,1,N,M,41,A,-,E,M,G,Y,-,3,-,-,"- ",,,N,-,0,0,L,2014,HONDA,A,01,,B,,-,-,2019
9059056,1,4,Y,M,36,G,G,N,-,-,O,-,3,-,-,"- ",,,N,-,0,1,B,,-,L,04,,W,,-,-,2020
9059056,2,1,N,F,22,H,H,E,M,G,Y,-,3,-,-,"- ",,,N,-,0,0,B,2017,FORD,A,01,,B,,-,-,2020
9059072,1,1,Y,-,998,D,-,S,-,-,,-,3,-,-,"- ",,,-,-,0,0,B,,NISSAN,A,01,,,,-,-,2020
9059072,2,4,N,M,71,C,-,S,-,-,O,-,3,-,-,"- ",,,N,-,0,1,B,,-,L,04,,O,,-,-,2020
9059123,1,4,N,M,69,A,-,S,-,-,O,-,3,-,-,"- ",,,N,-,0,1,B,,-,L,04,,W,,-,-,2020
9059123,2,1,N,M,52,G,G,E,M,G,Y,-,-,-,-,"- ",,,N,-,0,0,B,2019,TOYOTA,D,22,,B,,-,-,2020
9059249,1,1,Y,M,60,A,-,W,M,G,N,-,3,-,-,"- ",,,E,-,0,0,D,2002,HONDA,A,01,,B,,-,-,2020
9059249,2,2,N,F,64,A,-,N,-,-,O,-,3,-,-,"- ",,,N,-,0,1,-,,-,N,60,,W,,-,-,2020
90597443,1,1,Y,M,32,A,-,E,M,G,Y,-,3,-,-,"- ",,,O,-,0,0,B,2016,DODGE,F,55,,H,,-,-,2017
90597443,2,2,N,M,24,A,-,E,-,-,O,-,3,-,-,"- ",,,N,-,0,1,-,,-,N,60,,W,,-,-,2017
90597443,3,3,N,-,998,H,H,E,-,-,O,-,3,-,-,"- ",,,N,-,0,0,O,1999,NISS,A,08,,,,-,-,2017
90665243,1,4,Y,M,34,A,-,S,-,V,O,-,3,-,,00,21960,A,A,-,0,1,R,,SCHWINN,L,04,,H,,-,-,2018
90665243,2,1,N,F,49,A,-,W,M,G,Y,-,3,-,-,"- ",,,N,-,0,1,B,2008,VOLK,A,01,,W,,-,-,2018
9071208,1,4,Y,M,47,A,-,E,-,-,O,-,-,-,-,"- ",,,-,-,0,1,B,,-,L,04,,B,,-,-,2020
9071208,2,1,N,F,24,A,-,W,M,G,,-,-,-,-,"- ",,,-,-,0,0,E,2016,-,A,01,,W,,-,-,2020
90720501,1,2,Y,F,27,A,-,N,-,-,O,-,3,-,-,"- ",,,N,-,0,1,-,,-,N,60,,A,,-,-,2018
90720501,2,1,N,F,73,A,-,E,M,G,Y,-,3,-,-,"- ",,,N,-,0,0,D,1991,JEEP,A,07,,W,,-,-,2018
9087551,1,1,N,M,32,A,-,N,-,-,Y,-,3,-,-,"- ",,,G,-,0,0,D,2004,HONDA,A,01,,H,,-,-,2019
9087551,2,2,N,F,49,A,-,S,-,-,O,-,3,-,-,"- ",,,G,-,0,1,-,,-,N,60,,H,,-,-,2019
9087552,1,1,Y,F,31,H,H,E,M,G,Y,-,3,-,-,"- ",,,N,-,0,0,E,2013,HYUNDAI,A,01,,H,,-,-,2019
9087552,2,2,N,F,34,H,H,S,-,-,O,-,3,-,-,"- ",,,N,-,0,1,-,,-,N,60,,H,,-,-,2019
9087553,1,1,N,M,63,A,-,S,M,C,Y,-,3,-,-,"- ",,,N,-,0,0,B,2006,FORD,A,01,,H,,-,-,2019
9087553,2,2,N,M,62,A,-,E,-,-,O,-,3,-,-,"- ",,,N,-,0,1,-,,-,N,60,,B,,-,-,2019
9087559,1,2,Y,F,998,B,E,W,-,-,O,-,3,-,-,"- ",,,N,-,0,1,-,,-,N,60,,W,,-,-,2019
9087559,2,1,N,M,67,A,-,S,M,G,,-,3,-,-,"- ",,,N,-,0,0,B,1998,FORD,A,01,,H,,-,-,2019
9087562,1,1,Y,F,75,A,-,E,M,C,Y,-,3,-,-,"- ",,,E,-,0,0,E,,FORD,A,01,,W,,-,-,2019
9087562,2,4,N,M,38,A,-,N,-,-,O,-,3,-,-,"- ",,,N,-,0,1,B,,-,L,04,,W,,-,-,2019
9087565,1,1,Y,F,83,G,G,S,N,G,Y,-,-,-,-,"- ",,,N,-,0,0,B,2000,TOYOTA,A,08,,B,,-,-,2019
9087565,2,2,N,M,50,G,G,W,-,-,O,-,-,-,-,"- ",,,N,-,0,1,-,,-,N,60,,W,,-,-,2019
9087567,1,1,Y,M,37,A,-,S,M,B,Y,-,3,-,-,"- ",,,N,-,0,0,B,2008,TOYOTA,A,01,,W,,-,-,2019
9087567,2,2,N,M,9,A,-,W,-,-,O,-,3,-,-,"- ",,,N,-,0,1,-,,-,N,60,,H,,-,-,2019
9087571,1,4,Y,M,54,B,-,E,-,-,O,-,3,-,,27,21650,1,A,-,0,1,B,,-,L,04,,W,,-,-,2019
9087571,2,1,N,F,53,A,-,S,M,G,Y,-,3,-,-,"- ",,,N,-,0,0,B,2007,TOYOTA,A,01,,O,,-,-,2019
9087580,1,1,Y,M,79,A,-,N,M,G,Y,-,3,-,-,"- ",,,H,-,0,0,D,2007,TOYOTA,A,01,,B,,-,-,2019
9087580,2,2,N,F,52,A,-,W,-,-,O,-,3,-,-,"- ",,,N,-,0,1,-,,-,N,60,,H,,-,-,2019
90904752,1,2,Y,M,20,B,-,W,-,-,O,-,3,-,-,"- ",,,I,-,0,1,-,,-,N,60,,H,,-,-,2019
90904752,2,1,N,M,40,A,-,W,M,G,Y,-,3,-,-,"- ",,,N,-,0,0,B,2012,TOYO,A,01,,H,,-,-,2019
90917092,1,1,Y,-,998,G,G,W,B,B,Y,-,3,-,-,"- ",,,N,-,0,0,B,,-,-,99,,,,-,-,2018
90917092,2,2,N,F,64,A,-,N,-,-,O,-,3,-,-,"- ",,,N,-,0,1,-,,-,N,60,,O,,-,-,2018
91027655,1,2,Y,M,33,A,-,N,-,-,O,-,3,-,-,"- ",,,N,-,1,0,-,,-,N,60,,O,,-,-,2019
91027655,2,1,N,F,24,A,-,W,M,G,Y,-,3,-,-,"- ",,,N,-,0,0,B,2011,CHEV,A,01,,H,,-,-,2019
91096889,1,4,Y,M,43,A,-,W,-,V,O,-,3,-,-,"- ",,,N,-,0,1,B,,-,L,04,,B,,-,-,2019
91096889,2,1,N,-,998,G,G,W,B,B,N,-,3,-,-,"- ",,,N,-,0,0,B,,-,-,99,,,,-,-,2019
91109987,1,2,Y,F,38,D,-,E,-,-,O,-,3,-,-,"- ",,,N,-,1,0,-,,-,N,60,,H,,-,-,2019
91109987,2,1,N,M,38,A,-,E,M,G,Y,-,3,-,-,"- ",,,N,-,0,0,J,2014,FORD,D,22,,W,,-,-,2019
91109987,3,1,N,-,998,G,G,E,B,B,N,-,3,-,-,"- ",,,I,-,0,0,B,,-,-,99,,,,-,-,2019
9113625,1,1,Y,-,998,G,G,E,N,B,,-,-,-,-,"- ",,,N,-,0,0,B,,NISSAN,A,01,,,,-,-,2020
9113625,2,2,N,M,19,B,-,S,-,-,O,-,-,-,-,"- ",,,N,-,0,1,B,,-,N,60,,H,,-,-,2020
9116217,1,1,Y,M,998,G,G,E,-,-,,-,-,-,,30,21703,,A,-,0,0,B,2001,-,A,01,,B,,-,-,2020
9116217,2,4,N,M,14,H,H,E,-,-,,-,-,-,,00,21212,A,A,-,0,1,B,,-,L,04,,H,,-,-,2020
9116219,1,1,Y,M,23,D,-,S,L,-,Y,-,3,-,,44,23109,A,A,-,0,0,B,1999,-,A,01,,H,,-,-,2020
9116219,2,2,N,F,998,G,G,-,-,-,O,-,-,-,-,"- ",,,N,-,0,1,R,,-,N,60,,B,,-,-,2020
9116220,1,2,Y,F,6,A,-,W,-,-,O,-,3,-,-,"- ",,,F,-,0,1,B,,-,N,60,,B,G,-,-,2020
9116220,2,1,N,M,38,A,-,N,M,G,Y,-,3,-,,47,12500,A,A,-,0,0,B,2005,-,A,08,,H,,-,-,2020
91165702,1,2,Y,M,43,A,-,E,-,-,O,-,3,-,-,"- ",,,N,-,1,0,-,,-,N,60,,H,,-,-,2019
91165702,2,1,N,-,998,G,G,E,B,B,N,-,3,-,-,"- ",,,N,-,0,0,B,,-,-,99,,,,-,-,2019
9118056,1,1,N,M,58,A,-,S,M,G,Y,-,3,-,-,"- ",,,G,-,0,0,H,2005,-,D,22,,B,,-,-,2020
9118056,2,2,N,M,5,A,-,E,-,-,O,-,3,-,-,"- ",,,N,-,0,1,-,,-,N,60,,B,,-,-,2020
9118080,1,2,Y,M,16,G,G,S,-,-,O,-,3,-,-,"- ",,,N,-,0,1,-,,-,N,60,,O,,-,-,2020
9118080,2,1,N,M,16,A,-,W,M,-,Y,-,3,-,,47,12500,A,A,-,0,0,B,2001,-,D,22,,O,,-,-,2020
91193557,1,1,Y,F,86,A,-,W,M,G,Y,-,3,-,,23,21453,A,A,-,0,0,B,1990,FORD,A,01,,B,,-,-,2020
91193557,2,2,N,M,85,A,-,S,-,-,O,-,3,-,-,"- ",,,N,-,0,1,-,,-,N,60,,B,,-,-,2020
9121907,1,1,Y,M,61,H,H,S,M,B,N,-,-,-,-,"- ",,,N,-,0,0,D,2016,-,-,,,B,,-,-,2020
9121907,2,2,N,M,24,H,H,N,-,-,O,-,-,-,-,"- ",,,N,-,0,1,B,,-,N,60,,H,,-,-,2020
9122133,1,-,Y,F,18,A,-,N,-,G,,-,3,-,-,"- ",,,E,-,0,0,A,2001,-,A,01,,B,,-,-,2020
9122133,2,4,N,M,45,A,-,E,-,-,,-,3,-,,27,21650,,A,-,0,1,R,,-,L,04,,B,,-,-,2020
9122139,1,1,Y,F,62,A,-,E,M,G,Y,-,3,-,-,"- ",,,N,-,0,0,D,2003,HONDA,A,01,,H,,-,-,2020
9122139,2,4,N,M,16,A,-,S,-,-,,-,3,-,,27,21650,1,A,-,0,1,B,,-,L,04,,H,,-,-,2020
9124266,1,1,Y,F,53,H,H,S,M,G,Y,-,3,-,-,"- ",,,N,-,0,0,E,2014,-,A,01,,H,,-,-,2020
9124266,2,2,N,F,11,H,H,S,-,-,O,-,3,-,-,"- ",,,N,-,0,1,B,,-,N,60,,B,,-,-,2020
9124270,1,1,Y,M,63,H,H,W,M,C,Y,-,-,-,-,"- ",,,N,-,0,0,B,2005,-,A,01,,B,,-,-,2020
9124270,2,4,N,M,61,H,H,S,-,-,,-,-,-,-,"- ",,,N,-,0,1,R,,-,L,04,,B,,-,-,2020
9124274,1,4,Y,M,18,A,-,E,-,-,,-,3,-,-,"- ",,,N,-,0,0,B,,-,L,04,,B,,-,-,2020
9124274,2,2,N,F,60,A,-,N,-,-,O,-,3,-,-,"- ",,,N,-,0,1,-,,-,N,60,,B,,-,-,2020
91429811,1,2,Y,M,19,G,G,W,-,-,O,-,3,-,-,"- ",,,H,-,1,0,-,,-,N,60,,H,,-,-,2020
91429811,2,1,N,M,63,A,-,W,M,G,Y,-,3,-,-,"- ",,,H,N,0,0,B,2015,ISUZ,F,26,,A,,-,-,2020
9143353,1,4,Y,F,14,A,-,S,-,-,N,-,3,-,-,"- ",,,N,-,0,1,L,,-,L,04,,H,,-,-,2020
9143353,2,1,N,M,54,A,-,S,M,F,Y,-,2,-,-,"- ",,,N,-,0,0,B,2006,-,A,01,,H,,-,-,2020
9143354,1,4,Y,M,31,G,G,W,-,-,N,-,3,-,-,"- ",,,A,F,0,1,L,,-,L,04,,,K,-,-,2020
9143354,2,1,N,M,38,G,G,W,M,C,Y,-,3,-,-,"- ",,,N,-,0,0,B,2017,-,A,01,,H,,-,-,2020
9143355,1,4,Y,M,39,A,-,N,-,-,N,-,3,-,,27,21752,D,A,-,0,1,I,,-,L,04,,O,,-,-,2020
9143355,2,1,N,F,23,A,-,W,M,G,Y,-,3,-,,25,22350,,A,-,0,0,B,2014,-,A,01,,O,,-,-,2020
9143356,1,4,Y,M,13,H,H,S,-,-,N,-,-,-,-,"- ",,,A,N,0,1,B,,-,L,04,,B,,-,-,2020
9143356,2,1,N,F,65,H,H,N,M,G,Y,-,-,-,-,"- ",,,N,-,0,0,B,2005,FORD,A,01,,H,,-,-,2020
91475086,1,1,N,-,998,G,G,W,B,B,N,-,3,-,-,"- ",,,N,-,0,0,B,,-,-,99,,,,-,-,2021
91475086,2,2,Y,M,22,A,-,S,-,-,O,-,-,-,-,"- ",,,-,-,0,1,-,,-,N,60,,W,,-,-,2021
9149977,1,4,Y,M,15,A,-,N,-,-,N,-,3,-,-,"- ",,,N,-,0,1,B,,-,L,04,,B,,-,-,2020
9149977,2,1,N,M,20,A,-,W,M,G,Y,-,3,-,,47,12500,A,A,-,0,0,B,2013,-,A,01,,O,,-,-,2020
9150694,1,4,Y,M,8,H,H,N,-,-,N,-,3,-,-,"- ",,,F,-,0,1,B,,-,L,04,,H,G,-,-,2020
9150694,2,1,N,F,60,H,H,-,M,-,Y,-,3,-,-,"- ",,,N,-,0,0,B,2007,-,A,01,,H,,-,-,2020
9154205,1,1,Y,M,22,B,-,S,L,B,N,-,3,-,-,"- ",,,-,-,0,0,F,2004,-,A,01,,H,,-,-,2020
9154205,2,2,N,M,57,A,-,S,-,-,O,-,3,-,-,"- ",,,N,-,0,1,A,,-,N,60,,W,,-,-,2020
9154205,3,3,N,-,998,H,H,S,-,-,O,-,3,-,-,"- ",,,N,-,0,0,O,2019,-,A,01,,,,-,-,2020
9154205,4,3,N,-,998,H,H,S,-,-,O,-,3,-,-,"- ",,,N,-,0,0,O,2018,-,A,01,,,,-,-,2020
9154205,5,3,N,-,998,H,H,S,-,-,O,-,3,-,-,"- ",,,N,-,0,0,O,2005,-,A,01,,,,-,-,2020
9154213,1,1,Y,F,998,G,G,-,-,-,,-,3,-,,25,22350,,A,-,0,0,D,2004,-,A,01,,B,,-,-,2020
9154213,2,2,N,F,29,A,-,E,-,-,O,-,3,-,-,"- ",,,N,-,0,1,B,,-,N,60,,B,,-,-,2020
9154217,1,1,Y,F,34,D,-,E,M,C,Y,-,3,-,-,"- ",,,N,-,0,0,B,2011,-,A,01,,,,-,-,2020
9154217,2,2,N,M,63,C,-,N,-,-,O,-,3,-,-,"- ",,,N,-,0,1,B,,-,N,60,,H,,-,-,2020
91720348,1,1,Y,M,15,A,-,E,L,G,Y,-,3,-,-,"- ",,,N,-,0,0,R,2018,HYUN,A,01,,O,,-,-,2022
91720348,2,2,N,M,29,A,-,E,-,-,O,-,3,-,-,"- ",,,N,-,0,1,-,,-,N,60,,O,,-,-,2022
91720348,3,3,N,-,998,H,H,E,-,-,O,-,3,-,-,"- ",,,N,-,0,0,O,2004,TOYT,A,01,,,,-,-,2022
91720485,1,1,N,-,998,D,-,E,B,B,Y,-,4,-,-,"- ",,,N,-,0,0,B,,-,-,99,,,,-,-,2022
91720485,2,2,N,M,36,A,-,E,-,-,O,-,3,-,-,"- ",,,N,-,0,1,-,,-,N,60,,H,,-,-,2022
91775659,1,1,Y,-,998,G,G,W,B,B,N,-,4,-,-,"- ",,,N,-,0,0,D,,-,-,99,,,,-,-,2022
91775659,2,2,N,M,41,G,G,S,-,-,O,-,4,-,-,"- ",,,N,-,0,1,-,,-,N,60,,W,,-,-,2022
91856136,1,2,Y,M,43,G,G,W,-,-,O,-,-,-,-,"- ",,,N,-,1,0,-,,-,N,60,,B,,-,-,2021
91856136,2,1,N,F,21,A,-,W,M,G,Y,-,3,-,-,"- ",,,N,-,0,0,B,2018,TOYT,A,07,,H,,-,-,2021
9189214,1,1,Y,F,998,G,G,W,-,-,,-,3,-,,19,20001,,A,N,0,0,D,2006,-,-,99,,B,,-,-,2020
9189214,2,4,N,M,51,A,-,W,-,-,,-,3,-,-,"- ",,,A,-,0,1,B,,-,L,04,,H,,-,-,2020
91919669,1,1,Y,F,40,A,-,N,M,G,Y,-,3,-,-,"- ",,,N,-,0,0,D,2016,VOLK,A,01,,A,,-,-,2022
91919669,2,2,N,M,54,A,-,N,-,-,O,-,3,-,-,"- ",,,N,-,0,1,-,,-,N,60,,B,,-,-,2022
91931388,1,2,Y,F,46,G,G,W,-,-,O,-,-,-,-,"- ",,,N,-,1,0,-,,-,N,60,,W,,-,-,2022
91931388,2,1,N,M,73,A,-,W,P,G,Y,-,3,-,-,"- ",,,N,-,0,0,B,1984,FORD,D,22,,W,,-,-,2022
92047910,1,2,Y,M,28,G,G,W,-,-,O,-,3,-,-,"- ",,,N,-,1,0,-,,-,N,60,,B,,-,-,2023
92047910,2,1,N,F,41,A,-,W,M,G,Y,-,3,-,-,"- ",,,N,-,0,0,B,2019,NISS,A,01,,B,,-,-,2023
9211628,1,1,Y,M,19,A,-,S,M,B,Y,-,3,-,,34,21952,,A,E,0,0,C,2020,-,A,01,,B,,-,-,2020
9211628,2,2,N,F,60,-,E,N,-,-,O,-,3,-,-,"- ",,,N,-,1,0,R,,-,N,60,,B,,-,-,2020
9211635,1,4,Y,M,56,G,G,W,-,-,,-,-,-,-,"- ",,,N,-,1,0,B,,-,L,04,,H,,-,-,2020
9211635,2,1,N,M,39,A,-,S,M,G,,-,-,-,-,"- ",,,N,-,0,0,B,2007,FORD,D,22,,H,,-,-,2020
9211644,1,2,Y,M,59,G,G,S,-,-,O,-,-,-,-,"- ",,,-,-,1,0,R,,-,N,60,,A,,-,-,2020
9211644,2,1,N,M,24,A,-,E,M,G,Y,-,-,-,-,"- ",,,N,-,0,0,B,2003,-,A,01,,H,,-,-,2020
9212959,1,1,Y,M,65,A,-,S,M,G,N,-,-,-,-,"- ",,,N,-,0,0,B,2003,FORD,A,01,,W,,-,-,2020
9212959,2,2,N,F,17,A,-,E,-,-,O,-,-,-,-,"- ",,,N,-,0,1,B,,-,N,60,,H,,-,-,2020
9215501,1,1,Y,M,34,A,-,W,M,C,Y,-,3,-,-,"- ",,,N,-,0,0,B,2008,-,A,01,,O,,-,-,2020
9215501,2,2,N,M,6,A,-,S,-,-,O,-,3,-,-,"- ",,,N,-,0,1,R,,-,N,60,,H,,-,-,2020
9215505,1,1,N,-,998,-,-,S,-,-,N,-,-,-,-,"- ",,,N,-,0,0,-,,-,A,01,,,,-,-,2020
9215505,2,2,N,F,25,-,-,E,-,-,O,-,-,-,-,"- ",,,N,-,0,1,-,,-,N,60,,B,,-,-,2020
92175876,1,2,N,M,998,G,G,W,-,-,O,-,3,-,-,"- ",,,N,-,0,1,-,,-,N,60,,H,,-,-,2023
92175876,2,1,N,M,66,A,-,W,M,G,Y,-,3,-,-,"- ",,,N,-,0,0,B,2007,TOYT,A,07,,H,,-,-,2023
92221666,1,2,Y,F,43,G,G,W,-,-,O,-,-,-,-,"- ",,,N,-,1,0,-,,-,N,60,,W,,-,-,2023
92221666,2,1,N,M,57,A,-,W,M,G,Y,-,3,-,-,"- ",,,N,-,0,0,B,2021,CHEV,D,22,,W,,-,-,2023
9222378,1,2,Y,M,41,G,G,W,-,-,O,-,1,-,-,"- ",,,F,-,0,1,B,,-,N,60,,H,A,-,-,2020
9222378,2,1,N,F,42,G,G,S,M,B,,-,3,-,-,"- ",,,N,-,0,0,B,1995,FORD,D,22,,,,-,-,2020
92264405,1,1,N,M,43,A,-,E,M,G,Y,-,3,-,-,"- ",,,N,-,0,0,B,2003,MERZ,A,01,,W,,-,-,2023
92264405,2,2,Y,F,998,A,-,E,-,-,O,-,4,-,-,"- ",,,N,-,0,1,-,,-,N,60,,B,,-,-,2023
9229622,1,2,Y,M,62,A,-,W,-,-,O,-,3,-,-,"- ",,,N,-,0,1,R,,-,N,60,,B,,-,-,2020
9229622,2,1,N,-,998,G,G,S,-,-,,-,3,-,-,"- ",,,N,-,0,0,B,,-,-,99,,,,-,-,2020
9229648,1,2,Y,F,28,A,-,W,-,-,O,-,3,-,-,"- ",,,N,-,0,1,R,,-,N,60,,H,,-,-,2020
9229648,2,1,N,M,48,A,-,S,M,G,,-,3,-,-,"- ",,,N,-,0,0,B,2006,-,A,01,,W,,-,-,2020
9229653,1,1,Y,F,47,A,-,W,M,-,Y,-,-,-,-,"- ",,,N,-,0,0,E,2015,-,A,07,,O,,-,-,2020
9229653,2,2,N,F,38,G,G,S,-,-,O,-,-,-,-,"- ",,,N,-,0,1,B,,-,N,60,,O,,-,-,2020
9229657,1,4,Y,M,37,H,H,-,-,-,N,-,3,-,-,"- ",,,N,-,0,1,B,,-,L,04,,H,,-,-,2020
9229657,2,1,N,F,54,H,H,S,M,G,Y,-,3,-,-,"- ",,,N,-,0,0,B,2015,-,A,01,,H,,-,-,2020
9229676,1,1,Y,F,60,A,-,E,M,C,Y,-,3,-,-,"- ",,,F,-,0,0,B,2018,-,A,01,,O,-,-,-,2020
9229676,2,2,N,M,61,D,-,N,-,-,O,-,3,-,-,"- ",,,N,-,0,1,B,,-,N,60,,H,,-,-,2020
9229678,1,1,Y,M,60,A,-,S,M,-,Y,-,-,-,-,"- ",,,E,-,0,0,A,2016,-,A,01,,H,,-,-,2020
9229678,2,4,N,M,38,G,G,W,-,-,N,-,-,-,-,"- ",,,N,-,0,1,B,,-,L,04,,H,,-,-,2020
9229680,1,1,Y,M,998,H,H,S,-,-,,-,3,-,-,"- ",,,O,-,0,0,E,2013,-,A,01,,H,,-,-,2020
9229680,2,4,N,M,32,H,H,S,-,-,,-,3,-,-,"- ",,,N,-,0,1,B,,-,L,04,,H,,-,-,2020
92398114,1,2,Y,M,53,G,G,W,-,-,O,-,4,-,-,"- ",,,N,-,1,0,-,,-,N,60,,W,,-,-,2023
92398114,2,1,N,M,20,A,-,W,M,G,Y,-,3,-,-,"- ",,,N,-,0,0,B,2008,SCIO,A,01,,H,,-,-,2023
92398121,1,2,Y,M,53,G,G,W,-,-,O,-,-,-,-,"- ",,,N,-,0,1,-,,-,N,60,,W,,-,-,2023
92398121,2,1,N,M,29,A,-,W,M,G,Y,-,3,-,-,"- ",,,N,-,0,0,B,2020,HOND,A,01,,A,,-,-,2023
92419487,1,2,Y,M,30,G,G,N,-,-,O,-,-,-,-,"- ",,,N,-,1,0,-,,-,N,60,,H,,-,-,2024
92419487,2,1,N,M,34,A,-,W,M,G,Y,-,3,-,-,"- ",,,N,-,0,0,B,2008,CHEV,D,22,,B,,-,-,2024
9252067,1,1,Y,F,20,G,G,S,M,G,N,-,1,-,,47,12500,A,A,F,0,0,D,2013,FORD,A,01,,O,-,-,-,2020
9252067,2,2,N,F,58,A,-,W,-,-,O,-,3,-,-,"- ",,,N,-,0,1,B,,-,N,60,,B,,-,-,2020
9252076,1,1,Y,-,998,G,G,E,-,-,,-,-,-,-,"- ",,,N,-,0,0,E,,-,-,99,,,,-,-,2020
9252076,2,2,N,M,49,G,G,N,-,-,O,-,-,-,-,"- ",,,N,-,0,1,R,,-,N,60,,W,,-,-,2020
9252076,3,2,N,M,31,G,G,N,-,-,O,-,-,-,-,"- ",,,N,-,0,1,R,,-,N,60,,W,,-,-,2020
9252081,1,1,Y,-,998,G,G,N,-,-,,-,-,-,-,"- ",,,M,-,0,0,B,,-,A,01,,,,-,-,2020
9252081,2,4,N,M,13,A,-,N,-,-,,-,-,-,-,"- ",,,N,-,0,1,B,,-,L,04,,B,,-,-,2020
9252186,1,1,Y,M,34,A,-,S,M,C,Y,-,3,-,-,"- ",,,N,-,0,0,E,2015,FORD,A,01,,,,-,-,2020
9252186,2,2,N,M,58,A,-,N,-,-,O,-,3,-,-,"- ",,,N,-,0,1,R,,-,N,60,,B,,-,-,2020
9252959,1,1,N,M,44,A,-,N,M,C,Y,-,3,-,-,"- ",,,N,-,0,0,B,2010,-,A,01,,H,,-,-,2021
9252959,2,4,N,M,70,A,-,E,-,-,,-,3,-,-,"- ",,,N,-,0,1,B,,-,L,04,,W,,-,-,2021
9255769,1,2,Y,M,69,G,G,W,-,-,O,-,3,-,-,"- ",,,N,-,0,1,B,,-,N,60,,B,,-,-,2021
9255769,2,1,N,M,16,-,E,S,M,G,Y,-,3,-,,25,22350,,A,E,0,0,B,2004,-,A,01,,B,,-,-,2021
9256102,1,1,Y,F,62,D,-,N,M,B,N,-,3,-,,25,22350,,A,-,0,0,B,2012,-,A,01,,B,,-,-,2021
9256102,2,2,N,M,56,A,-,W,-,-,O,-,3,-,,35,21955,,A,-,1,0,B,,-,N,60,,H,,-,-,2021
9256357,1,4,Y,M,74,A,-,S,-,-,N,-,3,-,-,"- ",,,N,-,1,0,B,,-,L,04,,W,,-,-,2021
9256357,2,1,N,M,47,A,-,W,M,C,Y,-,3,-,-,"- ",,,N,-,0,0,D,2017,-,A,01,,B,,-,-,2021
9284250,1,1,Y,M,14,G,G,W,M,B,N,-,3,-,,47,12500,A,A,-,0,0,E,2003,FORD,A,08,,B,,-,-,2021
9284250,2,2,N,M,14,A,-,S,-,-,O,-,3,-,-,"- ",,,N,-,0,1,H,,-,N,60,,B,,-,-,2021
9292463,1,1,Y,-,998,H,H,S,-,B,,-,-,-,-,"- ",,,O,-,0,0,B,,-,-,,,,,-,-,2021
9292463,2,4,N,-,998,H,H,S,-,-,,-,-,-,-,"- ",,,N,-,0,1,R,,-,L,04,,H,,-,-,2021
9292464,1,1,Y,M,34,B,-,S,-,-,,-,3,-,-,"- ",,,N,-,0,0,E,2003,-,A,01,,H,,-,-,2021
9292464,2,4,N,M,73,C,-,S,-,-,,-,3,-,-,"- ",,,N,-,0,1,B,,-,L,04,,H,,-,-,2021
9294923,1,2,Y,M,75,A,-,E,-,-,O,-,3,-,-,"- ",,,N,-,0,1,L,,-,N,60,,B,,-,-,2021
9294923,2,1,N,M,19,A,-,W,M,G,Y,-,3,-,-,"- ",,,E,-,0,0,E,2009,-,A,01,,O,,-,-,2021
9309778,1,1,Y,M,998,G,G,S,M,B,,-,-,-,-,"- ",,,E,-,0,0,G,2021,-,A,01,,H,,-,-,2021
9309778,2,4,N,M,55,A,-,S,-,-,,-,-,-,-,"- ",,,N,-,0,1,A,,-,L,04,,H,,-,-,2021
9309858,1,1,Y,F,998,G,G,S,-,-,,-,3,-,-,"- ",,,N,-,0,0,G,2005,-,A,07,,W,,-,-,2021
9309858,2,2,N,M,83,A,-,E,-,-,O,-,3,-,-,"- ",,,N,-,0,1,A,,-,N,60,,O,,-,-,2021
9309862,1,4,Y,M,37,A,-,S,-,-,,-,3,-,-,"- ",,,N,-,0,1,B,,-,L,04,,B,,-,-,2021
9309862,2,1,N,M,34,A,-,W,M,G,Y,-,3,-,-,"- ",,,N,-,0,0,D,2012,-,A,01,,H,,-,-,2021
9309896,1,1,Y,F,998,G,G,E,-,-,,-,3,-,-,"- ",,,N,-,0,0,G,,-,A,01,,B,,-,-,2021
9309896,2,2,N,F,57,A,-,N,-,-,O,-,3,-,-,"- ",,,N,-,0,1,B,,-,N,60,,B,,-,-,2021
9309979,1,1,Y,F,47,A,-,E,M,G,Y,-,3,-,-,"- ",,,N,-,0,0,B,2019,-,A,07,,H,,-,-,2021
9309979,2,2,N,F,83,A,-,S,-,-,O,-,3,-,-,"- ",,,N,-,0,1,B,,-,N,60,,H,,-,-,2021
9318063,1,2,Y,M,998,B,-,N,-,-,O,-,-,-,-,"- ",,,-,-,0,1,B,,-,N,60,,H,,-,-,2021
9318063,2,1,N,F,30,A,-,E,M,C,Y,-,3,-,-,"- ",,,-,-,0,0,B,2001,-,A,01,,B,,-,-,2021
9318066,1,1,Y,M,998,G,G,N,N,B,,-,-,-,-,"- ",,,F,-,0,0,B,,-,A,01,,,B,-,-,2021
9318066,2,2,N,F,60,H,H,N,-,-,O,-,-,-,-,"- ",,,N,-,0,1,R,,-,N,60,,B,,-,-,2021
9318071,1,1,Y,F,21,A,-,W,M,G,Y,-,3,-,-,"- ",,,N,-,0,0,G,2019,-,A,07,,B,,-,-,2021
9318071,2,2,N,M,46,A,-,E,-,-,O,-,-,-,-,"- ",,,N,-,0,1,B,,-,N,60,,H,,-,-,2021
9318074,1,1,Y,-,998,H,H,N,-,-,,-,-,-,-,"- ",,,N,-,0,0,B,,-,-,,,,,-,-,2021
9318074,2,2,N,M,42,D,-,-,-,-,O,-,-,-,-,"- ",,,N,-,0,1,R,,-,N,60,,B,,-,-,2021
9318082,1,1,Y,F,27,A,-,W,M,G,Y,-,3,-,-,"- ",,,N,-,0,0,D,2015,-,A,01,,H,,-,-,2021
9318082,2,2,N,F,34,H,H,S,-,-,O,-,-,-,-,"- ",,,N,-,0,1,R,,-,N,60,,H,,-,-,2021
9318633,1,1,Y,M,60,A,-,W,P,G,N,-,3,-,,47,14601,1,A,-,0,0,B,1997,FORD,E,22,35,B,,-,-,2021
9318633,2,2,N,M,31,A,-,W,-,-,O,-,3,-,-,"- ",,,N,-,0,1,A,,-,N,60,,B,,-,-,2021
9318637,1,1,Y,M,56,A,-,W,M,B,Y,-,3,-,-,"- ",,,N,-,0,0,D,2006,FORD,E,22,53,W,,-,-,2021
9318637,2,3,N,-,998,H,H,-,-,-,O,-,-,-,,38,22500,C,A,-,0,0,O,2020,-,F,55,,,,-,-,2021
9318637,3,2,N,F,61,A,-,-,-,-,O,-,3,-,-,"- ",,,N,-,0,1,R,,-,N,60,,,,-,-,2021
9318637,4,2,N,M,53,A,-,-,-,-,O,-,3,-,-,"- ",,,N,-,0,1,R,,-,N,60,,B,,-,-,2021
9318637,5,3,N,-,998,H,H,-,-,-,O,-,-,-,,38,22500,C,A,-,0,0,O,2008,FORD,A,01,,,,-,-,2021
9322295,1,1,Y,M,49,G,G,E,M,B,,-,3,-,-,"- ",,,N,-,0,0,E,2006,-,A,01,,,,-,-,2021
9322295,2,2,N,F,79,A,-,S,-,-,O,-,3,-,-,"- ",,,N,-,0,1,B,,-,N,60,,,,-,-,2021
9343731,1,4,Y,M,52,H,H,S,-,-,,-,-,-,-,"- ",,,N,-,0,1,-,,-,L,04,,B,,-,-,2021
9343731,2,1,N,-,998,H,H,W,N,B,,-,-,-,-,"- ",,,N,-,0,0,B,,-,A,01,,,,-,-,2021
9343732,1,2,Y,M,44,A,-,N,-,-,O,-,-,-,-,"- ",,,N,-,0,1,L,,-,N,60,,O,,-,-,2021
9343732,2,1,N,M,49,A,-,W,M,G,Y,-,-,-,-,"- ",,,N,-,0,0,B,2015,-,A,01,,O,,-,-,2021
9349867,1,1,Y,M,998,D,-,E,-,-,N,-,-,-,-,"- ",,,N,-,0,0,D,,-,A,01,,B,,-,-,2021
9349867,2,4,N,M,50,D,-,N,-,-,,-,-,-,-,"- ",,,N,-,0,1,B,,-,L,04,,B,,-,-,2021
9349873,1,2,Y,M,55,A,-,N,-,-,O,-,-,-,-,"- ",,,N,-,0,1,B,,-,N,60,,B,,-,-,2021
9349873,2,1,N,M,64,B,-,W,M,G,N,-,-,-,-,"- ",,,F,-,0,0,L,1965,-,A,01,,B,-,-,-,2021
9349876,1,4,Y,M,33,A,-,N,-,-,N,-,-,-,-,"- ",,,N,-,0,1,B,,-,L,04,,H,,-,-,2021
9349876,2,1,N,F,77,A,-,W,-,-,Y,-,-,-,-,"- ",,,N,-,0,0,B,2020,-,A,01,,W,,-,-,2021
9355666,1,1,Y,F,41,C,-,N,M,C,N,-,3,-,-,"- ",,,-,-,0,0,B,1997,FORD,A,01,,W,,-,-,2021
9355666,2,4,N,-,27,C,-,S,-,-,O,-,3,-,-,"- ",,,-,-,0,1,E,,-,L,04,,H,,-,-,2021
9361931,1,1,Y,-,998,G,G,E,-,-,,-,-,-,-,"- ",,,N,-,0,0,E,,-,D,72,,,,-,-,2021
9361931,2,2,N,M,20,H,H,N,-,-,O,-,-,-,-,"- ",,,N,-,0,1,B,,-,N,60,,H,,-,-,2021
9362201,1,1,Y,F,33,A,-,E,M,G,Y,-,3,-,-,"- ",,,N,-,0,0,E,2017,-,A,07,,B,,-,-,2021
9362201,2,4,N,M,36,A,-,N,-,-,,-,3,-,-,"- ",,,N,-,0,1,B,,-,L,04,,H,,-,-,2021
9362205,1,3,Y,-,998,H,H,W,-,-,O,-,-,-,-,"- ",,,N,-,0,0,O,2020,-,A,01,,,,-,-,2021
9362205,2,4,N,M,41,H,H,W,-,-,,-,-,-,-,"- ",,,N,-,0,1,B,,-,L,04,,B,,-,-,2021
9362209,1,4,Y,M,57,A,-,N,-,-,N,-,3,-,,24,22450,A,A,N,0,1,B,,-,L,04,,H,,-,-,2021
9362209,2,1,N,F,26,A,-,W,M,G,Y,-,3,-,-,"- ",,,N,-,0,0,B,2005,-,A,01,,H,,-,-,2021
9362213,1,1,Y,M,998,G,G,S,-,-,,-,3,-,,27,21650,,A,-,0,0,B,,-,-,,,B,,-,-,2021
9362213,2,4,N,M,14,A,-,S,-,-,,-,-,-,,27,21650,1,A,-,0,1,B,,-,L,04,,H,,-,-,2021
9362216,1,1,Y,M,38,A,-,E,L,G,Y,-,3,-,-,"- ",,,N,-,0,0,E,2002,-,A,01,,O,,-,-,2021
9362216,2,4,N,M,28,A,-,N,-,-,,-,3,-,-,"- ",,,N,-,0,1,B,,-,L,04,,W,,-,-,2021
93764066,1,4,Y,M,49,A,-,W,-,V,O,-,3,-,-,"- ",,,N,-,0,1,Q,,-,L,04,,W,,-,-,2024
93764066,2,1,N,M,29,A,-,E,M,G,Y,-,3,-,-,"- ",,,N,-,0,0,B,2015,HOND,A,01,,A,,-,-,2024
94439370,1,1,Y,M,41,A,-,N,M,G,Y,-,3,-,-,"- ",,,N,-,0,0,G,2020,BMW,A,01,,W,,-,-,2024
94439370,2,2,N,F,68,A,-,W,-,-,O,-,3,-,-,"- ",,,N,-,0,1,-,,-,N,60,,W,,-,-,2024
94544814,1,1,Y,-,998,G,G,E,B,B,N,-,4,-,-,"- ",,,N,-,0,0,E,,-,-,99,,,,-,-,2025
94544814,2,2,N,F,38,A,-,E,-,-,O,-,3,-,-,"- ",,,N,-,0,1,-,,-,N,60,,H,,-,-,2025
9640159,1,1,Y,-,998,G,G,N,-,-,,-,-,-,-,"- ",,,N,-,0,0,B,,-,-,99,,,,-,-,2023
9640159,2,2,N,F,39,-,E,W,-,-,O,-,-,-,-,"- ",,,N,-,1,0,L,,-,N,60,,H,,-,-,2023
